scorer,event,h,n,pos,base,auc,ap,brier,calib
G_raw(fullraw bag),TOP_100_PROSPECT,1,23519,123,0.005229814192780305,0.9915107787169511,0.6110159287516976,0.00307188870336632,0.9415538150449987
G_raw(fullraw bag),TOP_100_PROSPECT,2,22852,218,0.0095396464204446,0.9816078028264696,0.5825337004644682,0.005794542310355373,0.8987990388126275
G_raw(fullraw bag),TOP_100_PROSPECT,3,22076,276,0.012502264903062148,0.9755871061029118,0.5570138656975945,0.007857311066479447,0.8828425545122786
G_raw(fullraw bag),TOP_100_PROSPECT,4,21158,297,0.014037243595803005,0.9728069406656243,0.5525299350946963,0.00886385884731589,0.8881342740551007
G_raw(fullraw bag),TOP_100_PROSPECT,5,20088,303,0.01508363201911589,0.9703362299838778,0.5446034597205783,0.009616917023105504,0.8872524385506579
G_raw(fullraw bag),TOP_100_PROSPECT,6,18863,302,0.01601017865662938,0.9683610796832067,0.5419982710732307,0.010240027102289766,0.8799736850298377
G_raw(fullraw bag),TOP_100_PROSPECT,7,17518,296,0.016896906039502228,0.9665548975697333,0.5361456791679124,0.010887856540065006,0.866677180350673
G_raw(fullraw bag),TOP_100_PROSPECT,8,16155,285,0.017641597028783658,0.9646797996882566,0.5349209890274211,0.011403026124428063,0.8495753340598592
G_raw(fullraw bag),TOP_100_PROSPECT,9,14780,272,0.018403247631935047,0.9628101990382587,0.5311346924370295,0.011977130706721371,0.8356726457283565
G_raw(fullraw bag),TOP_100_PROSPECT,10,13404,256,0.019098776484631454,0.9605095297288561,0.5276284759531041,0.012494882423804147,0.83342197766353
G_raw(fullraw bag),MLB_DEBUT,1,23864,650,0.027237680187730474,0.9581545287657979,0.4450575249351309,0.01922100950263518,0.982180270762832
G_raw(fullraw bag),MLB_DEBUT,2,23192,1281,0.05523456364263539,0.9461405342477129,0.5576698317333478,0.034299860495610957,0.916568368989701
G_raw(fullraw bag),MLB_DEBUT,3,22409,1852,0.08264536570128074,0.9343881170734146,0.6125848118334133,0.04768300591066267,0.8988999853810279
G_raw(fullraw bag),MLB_DEBUT,4,21482,2252,0.10483195233218509,0.9280070110442072,0.6394930597619708,0.05802531851830564,0.8895073658351385
G_raw(fullraw bag),MLB_DEBUT,5,20398,2456,0.12040396117266398,0.9245990269224359,0.6555686499460546,0.06485411276010172,0.8829806635039178
G_raw(fullraw bag),MLB_DEBUT,6,19155,2508,0.13093187157400157,0.9240850255933579,0.6695419391926932,0.06883395216140026,0.8856497128991436
G_raw(fullraw bag),MLB_DEBUT,7,17790,2463,0.13844856661045532,0.9224675255767483,0.6761823847595597,0.07198983450321746,0.8768234197960049
G_raw(fullraw bag),MLB_DEBUT,8,16407,2362,0.1439629426464314,0.9198185552727731,0.6748252529494703,0.074882024722194,0.8693582789499851
G_raw(fullraw bag),MLB_DEBUT,9,15013,2238,0.14907080530207154,0.9169146340823596,0.6715464755068102,0.07772559795402346,0.8596115771754799
G_raw(fullraw bag),MLB_DEBUT,10,13617,2100,0.1542189909671734,0.9133085252856027,0.6707846156589085,0.08057618915610315,0.8595955061367809
G_raw(fullraw bag),ESTABLISHED_MLB,1,23864,6,0.00025142474019443513,0.9866012797943386,0.07915001081053635,0.00024554251029011075,1.6481659216824482
G_raw(fullraw bag),ESTABLISHED_MLB,2,23192,74,0.003190755432907899,0.9646402826392445,0.18232899415772996,0.0028519309141586653,0.9681439536197521
G_raw(fullraw bag),ESTABLISHED_MLB,3,22409,238,0.010620732741309296,0.9532101325488024,0.2676061378494122,0.008890203112094137,0.981867226709706
G_raw(fullraw bag),ESTABLISHED_MLB,4,21482,446,0.020761567824224933,0.9398550275120933,0.33729939374877754,0.016328816648023207,0.9341700895414181
G_raw(fullraw bag),ESTABLISHED_MLB,5,20398,640,0.03137562506128052,0.9292478046867092,0.3556645058461227,0.02409517693526067,0.911313797309367
G_raw(fullraw bag),ESTABLISHED_MLB,6,19155,793,0.04139911250326286,0.9204635498527374,0.3811341272290372,0.030969604245468484,0.8997913969423054
G_raw(fullraw bag),ESTABLISHED_MLB,7,17790,895,0.05030916245081506,0.9169931601859002,0.4079273822512537,0.036664832499758014,0.8871981544510077
G_raw(fullraw bag),ESTABLISHED_MLB,8,16407,948,0.05778021576156519,0.9127902089179408,0.42016405767999593,0.04149517791324493,0.8803149659017151
G_raw(fullraw bag),ESTABLISHED_MLB,9,15013,962,0.0640777992406581,0.908063601395037,0.4241554219709748,0.04574278772786095,0.8644868597553558
G_raw(fullraw bag),ESTABLISHED_MLB,10,13617,950,0.06976573400895938,0.903169321028948,0.42916835252476776,0.04955363979590387,0.8434274688489563
G_raw(fullraw bag),STAR_PLUS_ELITE,1,23864,7,0.0002933288635601743,0.9925149252390733,0.1765141610819035,0.0002850352482755647,0.9610937386675817
G_raw(fullraw bag),STAR_PLUS_ELITE,2,23192,19,0.0008192480165574336,0.9515815820135503,0.11852672520042125,0.0007915414049760794,0.5977874037325819
G_raw(fullraw bag),STAR_PLUS_ELITE,3,22409,36,0.0016064973894417422,0.925790387222694,0.06327995745674991,0.00155802517449877,0.8376307065835691
G_raw(fullraw bag),STAR_PLUS_ELITE,4,21482,58,0.002699934829159296,0.9221357452808323,0.1165458710840043,0.0025498725983991136,1.0090591147845929
G_raw(fullraw bag),STAR_PLUS_ELITE,5,20398,86,0.0042160996176095695,0.9243221443161105,0.11224121937529537,0.004005398453205265,1.1527221450164582
G_raw(fullraw bag),STAR_PLUS_ELITE,6,19155,112,0.00584703732706865,0.9229907783887594,0.10884722687680982,0.005538584478421997,1.194301948080457
G_raw(fullraw bag),STAR_PLUS_ELITE,7,17790,132,0.007419898819561552,0.92267840655965,0.11273312941395858,0.007000493115780025,1.204187043800106
G_raw(fullraw bag),STAR_PLUS_ELITE,8,16407,147,0.008959590418723715,0.9220032047259249,0.11816725457127498,0.008419001015733708,1.1964807861165794
G_raw(fullraw bag),STAR_PLUS_ELITE,9,15013,162,0.010790648104975688,0.9222673619683921,0.13151868786799545,0.00998629474261998,1.1151205896050367
G_raw(fullraw bag),STAR_PLUS_ELITE,10,13617,170,0.012484394506866416,0.9211341694408113,0.15116415721079654,0.011363765421413189,1.0408220511179773
"G_cal(OOF,honest)",TOP_100_PROSPECT,1,23519,123,0.005229814192780305,0.99160981586735,0.6115083015298978,0.003081703074313497,0.8543991265456509
"G_cal(OOF,honest)",TOP_100_PROSPECT,2,22852,218,0.0095396464204446,0.981592197497797,0.5821973070140263,0.005809232659707259,0.8351256629214401
"G_cal(OOF,honest)",TOP_100_PROSPECT,3,22076,276,0.012502264903062148,0.9753971380135621,0.5565736835448342,0.007875358156398752,0.8330297370826277
"G_cal(OOF,honest)",TOP_100_PROSPECT,4,21158,297,0.014037243595803005,0.972660710616705,0.5523060933994859,0.008880074216858243,0.8485282253964543
"G_cal(OOF,honest)",TOP_100_PROSPECT,5,20088,303,0.01508363201911589,0.970221047881892,0.5444665415444747,0.009633472955929909,0.8580246273115327
"G_cal(OOF,honest)",TOP_100_PROSPECT,6,18863,302,0.01601017865662938,0.9682476181097516,0.5418534220843625,0.010257327409309425,0.861991866192392
"G_cal(OOF,honest)",TOP_100_PROSPECT,7,17518,296,0.016896906039502228,0.9664183657295664,0.5363176696149394,0.010907317214154217,0.8601835127565381
"G_cal(OOF,honest)",TOP_100_PROSPECT,8,16155,285,0.017641597028783658,0.9645259178191224,0.5349603805196809,0.011428010269429691,0.8549322679726324
"G_cal(OOF,honest)",TOP_100_PROSPECT,9,14780,272,0.018403247631935047,0.9626502974018392,0.5307487311068154,0.012005448815902275,0.8527567002448014
"G_cal(OOF,honest)",TOP_100_PROSPECT,10,13404,256,0.019098776484631454,0.9603419662210982,0.5273186007010193,0.012523941198002486,0.8628692379103239
"G_cal(OOF,honest)",MLB_DEBUT,1,23864,650,0.027237680187730474,0.9580710910524817,0.4448091336750999,0.019301296704928857,0.9008825425113887
"G_cal(OOF,honest)",MLB_DEBUT,2,23192,1281,0.05523456364263539,0.9460772593236189,0.5575668690247938,0.03446860783380798,0.8633771263445216
"G_cal(OOF,honest)",MLB_DEBUT,3,22409,1852,0.08264536570128074,0.9343360309547566,0.6126414165490739,0.04786258607575206,0.8583164379907912
"G_cal(OOF,honest)",MLB_DEBUT,4,21482,2252,0.10483195233218509,0.9279712769327825,0.6395988051769672,0.05821801728786777,0.8567404421273548
"G_cal(OOF,honest)",MLB_DEBUT,5,20398,2456,0.12040396117266398,0.9245926727526299,0.6556202848395869,0.06506111966348713,0.8548796694101866
"G_cal(OOF,honest)",MLB_DEBUT,6,19155,2508,0.13093187157400157,0.9240983068154395,0.6696294916982088,0.06903493719165435,0.8605534344855862
"G_cal(OOF,honest)",MLB_DEBUT,7,17790,2463,0.13844856661045532,0.9224756049611235,0.6762018037667824,0.07220008877648165,0.8542139684894402
"G_cal(OOF,honest)",MLB_DEBUT,8,16407,2362,0.1439629426464314,0.9198491964711226,0.6749291003618175,0.075094877483279,0.84865296993403
"G_cal(OOF,honest)",MLB_DEBUT,9,15013,2238,0.14907080530207154,0.9169499605637546,0.67162719027676,0.07793615765098764,0.8410585559731946
"G_cal(OOF,honest)",MLB_DEBUT,10,13617,2100,0.1542189909671734,0.9133558673100219,0.6709275277953513,0.0807635245709479,0.8432260162871881
"G_cal(OOF,honest)",ESTABLISHED_MLB,1,23864,6,0.00025142474019443513,0.986377734931679,0.0807756192335175,0.0002460696079967096,0.9700698326048312
"G_cal(OOF,honest)",ESTABLISHED_MLB,2,23192,74,0.003190755432907899,0.9657105847087679,0.18218387873994518,0.0028541011014034294,0.7721397931024545
"G_cal(OOF,honest)",ESTABLISHED_MLB,3,22409,238,0.010620732741309296,0.9538269955945935,0.2677133454867164,0.008912918402030233,0.8523418259272196
"G_cal(OOF,honest)",ESTABLISHED_MLB,4,21482,446,0.020761567824224933,0.9402932043893151,0.33748747014330466,0.016366316471877303,0.8410318251882567
"G_cal(OOF,honest)",ESTABLISHED_MLB,5,20398,640,0.03137562506128052,0.9295374025711103,0.35626455139276836,0.024138992229360817,0.8374889686569919
"G_cal(OOF,honest)",ESTABLISHED_MLB,6,19155,793,0.04139911250326286,0.9206112038775184,0.3818220011108248,0.03102775014701246,0.8379015506293334
"G_cal(OOF,honest)",ESTABLISHED_MLB,7,17790,895,0.05030916245081506,0.9171272780780403,0.4081772296357851,0.03674387728663034,0.8359043918498603
"G_cal(OOF,honest)",ESTABLISHED_MLB,8,16407,948,0.05778021576156519,0.9129237116390354,0.4205894216487516,0.04158925166122619,0.8381419273411042
"G_cal(OOF,honest)",ESTABLISHED_MLB,9,15013,962,0.0640777992406581,0.9081752750708698,0.4240979727617124,0.04585119461369751,0.832629574935445
"G_cal(OOF,honest)",ESTABLISHED_MLB,10,13617,950,0.06976573400895938,0.9032559530981872,0.429188331613519,0.04967127238910532,0.8234426041830091
"G_cal(OOF,honest)",STAR_PLUS_ELITE,1,23864,7,0.0002933288635601743,0.9930658267414776,0.17799135934838503,0.00028629642591293915,0.6093253186654115
"G_cal(OOF,honest)",STAR_PLUS_ELITE,2,23192,19,0.0008192480165574336,0.9534962422238222,0.11825353579295925,0.0007947195762336744,0.45623933416220963
"G_cal(OOF,honest)",STAR_PLUS_ELITE,3,22409,36,0.0016064973894417422,0.9271288060509443,0.06273655481457036,0.0015596743759972987,0.7190130527565577
"G_cal(OOF,honest)",STAR_PLUS_ELITE,4,21482,58,0.002699934829159296,0.923354970899539,0.11115079247391639,0.0025487692860134328,0.9157916761512093
"G_cal(OOF,honest)",STAR_PLUS_ELITE,5,20398,86,0.0042160996176095695,0.9253783420500654,0.11391337422256799,0.003978888861106479,1.0693910591892122
"G_cal(OOF,honest)",STAR_PLUS_ELITE,6,19155,112,0.00584703732706865,0.9236870409824381,0.10840850375501786,0.005487738057834019,1.1185348152866714
"G_cal(OOF,honest)",STAR_PLUS_ELITE,7,17790,132,0.007419898819561552,0.9233189437700141,0.11504249289737312,0.006926846937334609,1.1358839440749222
"G_cal(OOF,honest)",STAR_PLUS_ELITE,8,16407,147,0.008959590418723715,0.922675527775686,0.11992124551433686,0.008316118306240195,1.1311786933155181
"G_cal(OOF,honest)",STAR_PLUS_ELITE,9,15013,162,0.010790648104975688,0.9228974895484446,0.13419822996479427,0.009888230956279808,1.0568893519839888
"G_cal(OOF,honest)",STAR_PLUS_ELITE,10,13617,170,0.012484394506866416,0.9218227113854391,0.1503764884726355,0.011301927345517685,0.9945461891130322
A_raw(v2.1c),TOP_100_PROSPECT,1,23519,123,0.0052298141927803,0.993457988093302,0.6382304085158205,0.0029241418017079,0.96359468982599
A_raw(v2.1c),TOP_100_PROSPECT,2,22852,218,0.0095396464204446,0.985310623053894,0.6150246555856185,0.0054868919665059,0.9524006233805642
A_raw(v2.1c),TOP_100_PROSPECT,3,22076,276,0.0125022649030621,0.980355338385853,0.5908206486095033,0.0074879666146017,0.9317138123680092
A_raw(v2.1c),TOP_100_PROSPECT,4,21158,297,0.014037243595803,0.978553491064876,0.5776187042445353,0.0085193572366798,0.9512086241922362
A_raw(v2.1c),TOP_100_PROSPECT,5,20088,303,0.0150836320191158,0.9778769461479886,0.5719814482780422,0.0092267758007571,0.9721301772863028
A_raw(v2.1c),TOP_100_PROSPECT,6,18863,302,0.0160101786566293,0.9769143161745896,0.5707061205746177,0.0098010770052648,0.977718280833499
A_raw(v2.1c),TOP_100_PROSPECT,7,17518,296,0.0168969060395022,0.9757295037459944,0.5655104977460795,0.0104181037199079,0.9742487982970216
A_raw(v2.1c),TOP_100_PROSPECT,8,16155,285,0.0176415970287836,0.9747647000298478,0.5725259778761077,0.0108111878341341,0.966838992267488
A_raw(v2.1c),TOP_100_PROSPECT,9,14780,272,0.018403247631935,0.9738176908480514,0.5757171428540876,0.0112767173182317,0.956936507971467
A_raw(v2.1c),TOP_100_PROSPECT,10,13404,256,0.0190987764846314,0.971592934761941,0.5717583594502371,0.0117562154816719,0.96233202189374
A_raw(v2.1c),MLB_DEBUT,1,23864,650,0.0272376801877304,0.9625497544585162,0.4942015943517992,0.0182061452078185,0.9847413082545496
A_raw(v2.1c),MLB_DEBUT,2,23192,1281,0.0552345636426353,0.95255957221876,0.6043526152047899,0.032088398870191,0.9486000102990244
A_raw(v2.1c),MLB_DEBUT,3,22409,1852,0.0826453657012807,0.9407223196819549,0.6473310678327678,0.0452021709841516,0.9331837427935328
A_raw(v2.1c),MLB_DEBUT,4,21482,2252,0.104831952332185,0.9335580829982756,0.6685936359276035,0.0553939911469883,0.9177908044135072
A_raw(v2.1c),MLB_DEBUT,5,20398,2456,0.1204039611726639,0.9302306481943085,0.6821572839237557,0.0620442933113737,0.917864212517994
A_raw(v2.1c),MLB_DEBUT,6,19155,2508,0.1309318715740015,0.9289194503102176,0.695391340262254,0.0660257016450001,0.915220010377291
A_raw(v2.1c),MLB_DEBUT,7,17790,2463,0.1384485666104553,0.9273366129276348,0.7002456212722284,0.069120584967785,0.912263734184846
A_raw(v2.1c),MLB_DEBUT,8,16407,2362,0.1439629426464314,0.9251248029724224,0.6991365317845789,0.0717291312068251,0.9142549693090054
A_raw(v2.1c),MLB_DEBUT,9,15013,2238,0.1490708053020715,0.9224266144814092,0.69559098839209,0.0744270384611233,0.9135974379345364
A_raw(v2.1c),MLB_DEBUT,10,13617,2100,0.1542189909671734,0.9195211013119322,0.6939935962450633,0.0770967946866269,0.913623177945379
A_raw(v2.1c),ESTABLISHED_MLB,1,23864,6,0.0002514247401944,0.99000335317294,0.2594154193124444,0.0002316472411647,1.622521811024285
A_raw(v2.1c),ESTABLISHED_MLB,2,23192,74,0.0031907554329078,0.9727730585503748,0.2311379597046792,0.002771800356436,1.0742701660746594
A_raw(v2.1c),ESTABLISHED_MLB,3,22409,238,0.0106207327413092,0.9614020927481542,0.3087197124943575,0.0086220389666606,1.0188428928052764
A_raw(v2.1c),ESTABLISHED_MLB,4,21482,446,0.0207615678242249,0.9509349549821488,0.3587593356446893,0.0159456765086093,0.9466970112853336
A_raw(v2.1c),ESTABLISHED_MLB,5,20398,640,0.0313756250612805,0.9434874481222796,0.3990465633494571,0.0230334152795812,0.9216854704541652
A_raw(v2.1c),ESTABLISHED_MLB,6,19155,793,0.0413991125032628,0.9370013500385206,0.4356625102966449,0.0294131224277665,0.8932858612390265
A_raw(v2.1c),ESTABLISHED_MLB,7,17790,895,0.050309162450815,0.9332307498995605,0.4590759656545058,0.0348748258718893,0.8830787611640247
A_raw(v2.1c),ESTABLISHED_MLB,8,16407,948,0.0577802157615651,0.9292888661801204,0.4774146177127231,0.0392590913300503,0.8811538791853658
A_raw(v2.1c),ESTABLISHED_MLB,9,15013,962,0.0640777992406581,0.9245936358063608,0.47855319372275,0.043332228223406,0.8803951208322661
A_raw(v2.1c),ESTABLISHED_MLB,10,13617,950,0.0697657340089593,0.9198632168959544,0.483456871720818,0.0469734177777048,0.8552613964264268
A_raw(v2.1c),STAR_PLUS_ELITE,1,23864,7,0.0002933288635601,0.9974610626410936,0.2555867795996936,0.0002777299238204,0.6863267888395187
A_raw(v2.1c),STAR_PLUS_ELITE,2,23192,19,0.0008192480165574,0.9786707306824868,0.1781530658606546,0.0007408581372245,0.8480369233347311
A_raw(v2.1c),STAR_PLUS_ELITE,3,22409,36,0.0016064973894417,0.961136190944442,0.1190880806939353,0.001489273515868,0.9586344330150874
A_raw(v2.1c),STAR_PLUS_ELITE,4,21482,58,0.0026999348291592,0.9580304717880044,0.1620287768346127,0.0024307714363252,1.059669975361493
A_raw(v2.1c),STAR_PLUS_ELITE,5,20398,86,0.0042160996176095,0.954710012182053,0.1470817178526815,0.003835478529809,1.1071614245734265
A_raw(v2.1c),STAR_PLUS_ELITE,6,19155,112,0.0058470373270686,0.950861443274994,0.171035899444273,0.0052251452263035,1.094198575257232
A_raw(v2.1c),STAR_PLUS_ELITE,7,17790,132,0.0074198988195615,0.9484453351043566,0.1822430381846344,0.0065845481833739,1.0786154836484187
A_raw(v2.1c),STAR_PLUS_ELITE,8,16407,147,0.0089595904187237,0.9448661629473436,0.18968579365555,0.0079135128087526,1.0737964797829491
A_raw(v2.1c),STAR_PLUS_ELITE,9,15013,162,0.0107906481049756,0.9417715978721972,0.2126452351945338,0.0094097224141875,1.0308417808222752
A_raw(v2.1c),STAR_PLUS_ELITE,10,13617,170,0.0124843945068664,0.9394104961089068,0.2247307602777749,0.0107866073404973,0.9616573855427734
F_raw(exp4 bag),TOP_100_PROSPECT,1,23519,123,0.0052298141927803,0.9951073910209096,0.6578949112679617,0.0028534724754167,1.0447437830345023
F_raw(exp4 bag),TOP_100_PROSPECT,2,22852,218,0.0095396464204446,0.9894552564826968,0.6671525324614382,0.0051881949024531,0.9320255712423372
F_raw(exp4 bag),TOP_100_PROSPECT,3,22076,276,0.0125022649030621,0.9848937142667198,0.6411728342700102,0.0070685802364663,0.9106809688144536
F_raw(exp4 bag),TOP_100_PROSPECT,4,21158,297,0.014037243595803,0.9833279990031822,0.6356038710719587,0.0080027289035006,0.9235896335187735
F_raw(exp4 bag),TOP_100_PROSPECT,5,20088,303,0.0150836320191158,0.9819875543278362,0.6263006063831205,0.0087191344877894,0.9225529114246876
F_raw(exp4 bag),TOP_100_PROSPECT,6,18863,302,0.0160101786566293,0.9809637882749952,0.6228342838787695,0.0093006060641404,0.91568387835245
F_raw(exp4 bag),TOP_100_PROSPECT,7,17518,296,0.0168969060395022,0.9799241306688176,0.6158400400171515,0.0099174900323674,0.900119834549219
F_raw(exp4 bag),TOP_100_PROSPECT,8,16155,285,0.0176415970287836,0.978994903768558,0.6202751274084916,0.0103531722704061,0.8825050478387423
F_raw(exp4 bag),TOP_100_PROSPECT,9,14780,272,0.018403247631935,0.9779444707990724,0.6173981551279497,0.0108717028716217,0.8675989344587968
F_raw(exp4 bag),TOP_100_PROSPECT,10,13404,256,0.0190987764846314,0.9758910575752966,0.6098232239240381,0.011387688235773,0.8730265880146106
F_raw(exp4 bag),MLB_DEBUT,1,23864,650,0.0272376801877304,0.9690566037735848,0.5339216812490668,0.0175778343452512,1.0413767711706616
F_raw(exp4 bag),MLB_DEBUT,2,23192,1281,0.0552345636426353,0.960676237925258,0.6396998677525454,0.0307337145093299,0.9794824534637584
F_raw(exp4 bag),MLB_DEBUT,3,22409,1852,0.0826453657012807,0.9506941059736868,0.6855181538327396,0.0428774271291295,0.9648604452989904
F_raw(exp4 bag),MLB_DEBUT,4,21482,2252,0.104831952332185,0.9446055346654364,0.7043925563953253,0.0524422059611631,0.954819374393659
F_raw(exp4 bag),MLB_DEBUT,5,20398,2456,0.1204039611726639,0.9412459986884992,0.7147071841231973,0.0587739406452226,0.9493330347403592
F_raw(exp4 bag),MLB_DEBUT,6,19155,2508,0.1309318715740015,0.9399180985716254,0.7255964821449239,0.0625623990230427,0.9547033705110896
F_raw(exp4 bag),MLB_DEBUT,7,17790,2463,0.1384485666104553,0.9383112248264592,0.7302452103104946,0.0655234825746794,0.943306864791882
F_raw(exp4 bag),MLB_DEBUT,8,16407,2362,0.1439629426464314,0.93634692709324,0.7292879941568406,0.0681286377738369,0.9344515618230004
F_raw(exp4 bag),MLB_DEBUT,9,15013,2238,0.1490708053020715,0.9340945665423244,0.7272928808451237,0.070717596016378,0.925837033118084
F_raw(exp4 bag),MLB_DEBUT,10,13617,2100,0.1542189909671734,0.9312017431788204,0.7249312829678809,0.0734515563410023,0.9279121025812838
F_raw(exp4 bag),ESTABLISHED_MLB,1,23864,6,0.0002514247401944,0.9810755302204712,0.1348268093780719,0.0002399271999224,1.5121228035422971
F_raw(exp4 bag),ESTABLISHED_MLB,2,23192,74,0.0031907554329078,0.9705737076292488,0.2232814101278473,0.0027861294802267,0.8992549654486612
F_raw(exp4 bag),ESTABLISHED_MLB,3,22409,238,0.0106207327413092,0.9687699580305714,0.3447705848639961,0.0083550240430392,0.9413924900323426
F_raw(exp4 bag),ESTABLISHED_MLB,4,21482,446,0.0207615678242249,0.95902454643204,0.4181868431276122,0.0153357320161046,0.8771406790088485
F_raw(exp4 bag),ESTABLISHED_MLB,5,20398,640,0.0313756250612805,0.9505863922208728,0.4481797875959898,0.0222912658383929,0.8830943812947026
F_raw(exp4 bag),ESTABLISHED_MLB,6,19155,793,0.0413991125032628,0.9437068343759998,0.4764012596823506,0.0285746440729392,0.8830125802437251
F_raw(exp4 bag),ESTABLISHED_MLB,7,17790,895,0.050309162450815,0.9414056917437807,0.5040851367563708,0.0337646628209786,0.8762546608453217
F_raw(exp4 bag),ESTABLISHED_MLB,8,16407,948,0.0577802157615651,0.938051189167044,0.5138132281892162,0.0381685017122931,0.8778022884684497
F_raw(exp4 bag),ESTABLISHED_MLB,9,15013,962,0.0640777992406581,0.9343584426852524,0.5150868611287638,0.042097119112796,0.8700066489549303
F_raw(exp4 bag),ESTABLISHED_MLB,10,13617,950,0.0697657340089593,0.9301462565389554,0.5181715512640078,0.0456583832721757,0.8562829264136083
F_raw(exp4 bag),STAR_PLUS_ELITE,1,23864,7,0.0002933288635601,0.9974490865214762,0.1330188942273176,0.0002858069495301,0.8865055116320946
F_raw(exp4 bag),STAR_PLUS_ELITE,2,23192,19,0.0008192480165574,0.9869585066104608,0.1485297812273687,0.0007886669945403,0.5726883259075725
F_raw(exp4 bag),STAR_PLUS_ELITE,3,22409,36,0.0016064973894417,0.9640998326355676,0.1363919625026178,0.0015115505373136,0.7832915688630288
F_raw(exp4 bag),STAR_PLUS_ELITE,4,21482,58,0.0026999348291592,0.9654947078365224,0.2582906972980286,0.0024171389732817,0.8715270556332174
F_raw(exp4 bag),STAR_PLUS_ELITE,5,20398,86,0.0042160996176095,0.9587252809657713,0.2239218629249885,0.0037389656154293,0.8950896422277892
F_raw(exp4 bag),STAR_PLUS_ELITE,6,19155,112,0.0058470373270686,0.9540572182504256,0.2338139283741661,0.0051184935099376,0.9385135162267084
F_raw(exp4 bag),STAR_PLUS_ELITE,7,17790,132,0.0074198988195615,0.9517297507868354,0.2192768550335595,0.0065148822818495,0.9496572675792032
F_raw(exp4 bag),STAR_PLUS_ELITE,8,16407,147,0.0089595904187237,0.9495015103212257,0.2178539974220854,0.0078594153040732,0.951878226069794
F_raw(exp4 bag),STAR_PLUS_ELITE,9,15013,162,0.0107906481049756,0.9474498121671152,0.2235800040906791,0.0094183636956552,0.8938042053724855
F_raw(exp4 bag),STAR_PLUS_ELITE,10,13617,170,0.0124843945068664,0.945463016023692,0.2411184657246104,0.0107959907081238,0.8368652078411877
"F_cal(OOF,honest)",TOP_100_PROSPECT,1,23519,123,0.0052298141927803,0.9951862732424556,0.6579719808992261,0.002844661649861,0.9921500854792712
"F_cal(OOF,honest)",TOP_100_PROSPECT,2,22852,218,0.0095396464204446,0.9895057204676247,0.6660443722617649,0.005174773425026,0.9074779205769322
"F_cal(OOF,honest)",TOP_100_PROSPECT,3,22076,276,0.0125022649030621,0.9848146024464832,0.6399385171666746,0.007054114382472,0.9024928383974832
"F_cal(OOF,honest)",TOP_100_PROSPECT,4,21158,297,0.014037243595803,0.9832563365951028,0.6343233225328161,0.0079883813039713,0.9294777282758188
"F_cal(OOF,honest)",TOP_100_PROSPECT,5,20088,303,0.0150836320191158,0.9819198295872044,0.6249806686303638,0.0087085516083775,0.9407155607710146
"F_cal(OOF,honest)",TOP_100_PROSPECT,6,18863,302,0.0160101786566293,0.9809181182076924,0.6217133180671844,0.009289917221409,0.9449980363403392
"F_cal(OOF,honest)",TOP_100_PROSPECT,7,17518,296,0.0168969060395022,0.9798591995781636,0.61471852737112,0.0099076362274761,0.9388567970516256
"F_cal(OOF,honest)",TOP_100_PROSPECT,8,16155,285,0.0176415970287836,0.9789203948750262,0.6189259755439361,0.0103439464954206,0.929452042609566
"F_cal(OOF,honest)",TOP_100_PROSPECT,9,14780,272,0.018403247631935,0.9778415863864156,0.6159379146839618,0.0108599549600356,0.9212025921542164
"F_cal(OOF,honest)",TOP_100_PROSPECT,10,13404,256,0.0190987764846314,0.9757841021448128,0.6082282214671796,0.0113773126926281,0.9334175137169688
"F_cal(OOF,honest)",MLB_DEBUT,1,23864,650,0.0272376801877304,0.9689107037530404,0.5322194497467901,0.017589786262711,1.013636113361254
"F_cal(OOF,honest)",MLB_DEBUT,2,23192,1281,0.0552345636426353,0.9605609998948624,0.6388556826793697,0.0307098674048471,0.9673807820398028
"F_cal(OOF,honest)",MLB_DEBUT,3,22409,1852,0.0826453657012807,0.9505424573574124,0.6848523793868232,0.0428064487725906,0.960138209503143
"F_cal(OOF,honest)",MLB_DEBUT,4,21482,2252,0.104831952332185,0.9444159880071934,0.7036394117932125,0.0523766397575093,0.9549873590971444
"F_cal(OOF,honest)",MLB_DEBUT,5,20398,2456,0.1204039611726639,0.941085090684896,0.7142138376962117,0.0587085756749408,0.9525836299704
"F_cal(OOF,honest)",MLB_DEBUT,6,19155,2508,0.1309318715740015,0.9396765336206772,0.7248885089788807,0.0625249863179829,0.9604085857603956
"F_cal(OOF,honest)",MLB_DEBUT,7,17790,2463,0.1384485666104553,0.9380655453169888,0.7295535878301448,0.0655045356551559,0.9513866211894646
"F_cal(OOF,honest)",MLB_DEBUT,8,16407,2362,0.1439629426464314,0.9361231544066202,0.7287040114918758,0.0681226502127864,0.945328380261829
"F_cal(OOF,honest)",MLB_DEBUT,9,15013,2238,0.1490708053020715,0.9338597328828332,0.7266003349804561,0.0707242104203341,0.9401288941939115
"F_cal(OOF,honest)",MLB_DEBUT,10,13617,2100,0.1542189909671734,0.931012581814874,0.7243829090778764,0.0734686284428935,0.9459954172768448
"F_cal(OOF,honest)",ESTABLISHED_MLB,1,23864,6,0.0002514247401944,0.9798390476988852,0.1503865550569261,0.0002404434020585,1.0648288949857616
"F_cal(OOF,honest)",ESTABLISHED_MLB,2,23192,74,0.0031907554329078,0.9701049024628052,0.2244258995191895,0.0027803785827043,0.8156364275331652
"F_cal(OOF,honest)",ESTABLISHED_MLB,3,22409,238,0.0106207327413092,0.9689697041596846,0.342655691045845,0.0083627026175943,0.9028715942979604
"F_cal(OOF,honest)",ESTABLISHED_MLB,4,21482,446,0.0207615678242249,0.958989053145707,0.4133775610406003,0.015354648106916,0.8604502049556734
"F_cal(OOF,honest)",ESTABLISHED_MLB,5,20398,640,0.0313756250612805,0.9502193731653004,0.4440123739563933,0.0223400690462885,0.8769740357735301
"F_cal(OOF,honest)",ESTABLISHED_MLB,6,19155,793,0.0413991125032628,0.9431807739900362,0.4720336706811156,0.0286864860483809,0.8821378246579505
"F_cal(OOF,honest)",ESTABLISHED_MLB,7,17790,895,0.050309162450815,0.9408099979994742,0.5007030012781429,0.0339479920544148,0.879767882554548
"F_cal(OOF,honest)",ESTABLISHED_MLB,8,16407,948,0.0577802157615651,0.93750298530235,0.5111604933088639,0.0384322014075664,0.8857123500131159
"F_cal(OOF,honest)",ESTABLISHED_MLB,9,15013,962,0.0640777992406581,0.9337492126617456,0.511914359278492,0.0424484539653703,0.8836639812919415
"F_cal(OOF,honest)",ESTABLISHED_MLB,10,13617,950,0.0697657340089593,0.9294464688602376,0.5149006494765287,0.046089915802999,0.8785699488866069
"F_cal(OOF,honest)",STAR_PLUS_ELITE,1,23864,7,0.0002933288635601,0.9975987880166948,0.1339308130821307,0.0002862077228269,0.6222846957211593
"F_cal(OOF,honest)",STAR_PLUS_ELITE,2,23192,19,0.0008192480165574,0.9874377394744792,0.1438238932334786,0.0007895154494653,0.4818545816909912
"F_cal(OOF,honest)",STAR_PLUS_ELITE,3,22409,36,0.0016064973894417,0.9644102266124346,0.1354059983400161,0.0015129589384361,0.7338572711358289
"F_cal(OOF,honest)",STAR_PLUS_ELITE,4,21482,58,0.0026999348291592,0.9659381357678144,0.2554029405573506,0.002423837103635,0.8546078666523436
"F_cal(OOF,honest)",STAR_PLUS_ELITE,5,20398,86,0.0042160996176095,0.9591483325242496,0.2274866683565919,0.003755975461373,0.8943334087411364
"F_cal(OOF,honest)",STAR_PLUS_ELITE,6,19155,112,0.0058470373270686,0.9542278846370243,0.233774760496378,0.0051579287644651,0.9478522558297134
"F_cal(OOF,honest)",STAR_PLUS_ELITE,7,17790,132,0.0074198988195615,0.9520304986665844,0.2224936610685544,0.0065661715633252,0.9689497822474894
"F_cal(OOF,honest)",STAR_PLUS_ELITE,8,16407,147,0.0089595904187237,0.9498774171415184,0.2184039508939247,0.007923258860556,0.981310327210841
"F_cal(OOF,honest)",STAR_PLUS_ELITE,9,15013,162,0.0107906481049756,0.9479365400010474,0.2269667811344232,0.009515706095712,0.9371410948726552
"F_cal(OOF,honest)",STAR_PLUS_ELITE,10,13617,170,0.0124843945068664,0.9460706302302284,0.2447950235700356,0.0109350308139999,0.901890387107621
