player_id,name,card_year,denominator,draft_year,draft_round,is_international,bucket,debut_year,debut_date,days_since_debut,games_pitched,games_batted,innings_pitched,ip_per_game,role,primary_position,current_org,n_listings,n_auctions,n_fixed,price_min,price_p25,price_median,price_mean,price_p75,price_max,lowest_buynow_price,lowest_buynow_url,top_listing_url,top_listing_title,has_market,snapshot_date
draft_2022_jake_bennett_r2p45,Jake Bennett,2023,0,2022,2,0,R2-R3,2026,2026-05-01,59,6,,33.0,5.5,SP,LHP,Washington Nationals,6,0,6,29.0,31.240000000000002,42.49,57.160000000000004,49.99,149.0,29.0,https://www.ebay.com/itm/277944895935?_skw=%22Jake+Bennett%22+1st+Bowman+Chrome+auto&hash=item40b6ce89bf:g:DQIAAeSwB3Fp8~eL,https://www.ebay.com/itm/277944895935?_skw=%22Jake+Bennett%22+1st+Bowman+Chrome+auto&hash=item40b6ce89bf:g:DQIAAeSwB3Fp8~eL,Jake Bennett signed auto autographed 2022 1st Bowman Chrome Refractor IP GTP,1,2026-06-29
draft_2022_connor_prielipp_r2p48,Connor Prielipp,2023,0,2022,2,0,R2-R3,2026,2026-04-22,68,12,,61.67,5.14,SP,LHP,Minnesota Twins,6,0,6,25.0,28.9925,37.495000000000005,36.163333333333334,43.7475,45.0,25.0,https://www.ebay.com/itm/376947741167?_skw=%22Connor+Prielipp%22+1st+Bowman+Chrome+auto&hash=item57c3d611ef:g:LukAAeSw1iVpiUhY,https://www.ebay.com/itm/376947741167?_skw=%22Connor+Prielipp%22+1st+Bowman+Chrome+auto&hash=item57c3d611ef:g:LukAAeSw1iVpiUhY,Connor Prielipp Signed 2022 1st Bowman Chrome Rookie Auto Minnesota Twins,1,2026-06-29
draft_2021_edwin_arroyo_r2p48,Edwin Arroyo,2022,0,2021,2,0,R2-R3,2026,2026-06-01,28,,22,,,BAT,SS,Seattle Mariners,6,0,6,39.99,131.2475,149.99,148.32500000000002,187.49,224.99,39.99,https://www.ebay.com/itm/206317377490?_skw=%22Edwin+Arroyo%22+1st+Bowman+Chrome+auto&hash=item30097957d2:g:nBYAAeSwlGRqHzP4,https://www.ebay.com/itm/206317377490?_skw=%22Edwin+Arroyo%22+1st+Bowman+Chrome+auto&hash=item30097957d2:g:nBYAAeSwlGRqHzP4,Edwin Arroyo 2021 Bowman Chrome Draft AUTO SIGNED 1ST ROOKIE REDS #74,1,2026-06-29
draft_2023_sean_sullivan_r2p46,Sean Sullivan,2024,0,2023,2,0,R2-R3,2026,2026-06-12,17,3,,12.0,4.0,SP,LHP,Colorado Rockies,9,0,9,8.5,12.5,14.99,16.543333333333333,19.95,25.0,8.5,https://www.ebay.com/itm/366499676372?_skw=%22Sean+Sullivan%22+1st+Bowman+Chrome+auto&hash=item55551540d4:g:tZgAAeSwKNZqOv69,https://www.ebay.com/itm/366499676372?_skw=%22Sean+Sullivan%22+1st+Bowman+Chrome+auto&hash=item55551540d4:g:tZgAAeSwKNZqOv69,Sean Sullivan 1st Bowman Chrome Auto 2023 Colorado Rockies Prospect #CDA-SS (RC),1,2026-06-29
draft_2020_dax_fulton_r2p40,Dax Fulton,2021,0,2020,2,0,R2-R3,2026,2026-05-06,54,3,,7.0,2.33,SWG,RHP,Miami Marlins,0,0,0,,,,,,,,,,,0,2026-06-29
draft_2021_brendan_beck_r2p55,Brendan Beck,2022,0,2021,2,0,R2-R3,2026,2026-05-07,53,1,,3.0,3.0,SP,RHP,New York Yankees,3,0,3,20.0,26.495,32.99,40.623333333333335,50.935,68.88,20.0,https://www.ebay.com/itm/306928594230?_skw=%22Brendan+Beck%22+1st+Bowman+Chrome+auto&hash=item47765ead36:g:mC8AAeSwvSpp~2xK,https://www.ebay.com/itm/306928594230?_skw=%22Brendan+Beck%22+1st+Bowman+Chrome+auto&hash=item47765ead36:g:mC8AAeSwvSpp~2xK,Brendan Beck 2021 Bowman Chrome On Card Autograph 1st Prospect Auto Card #CDA-BB,1,2026-06-29
draft_2022_brycen_mautz_r2p59,Brycen Mautz,2023,0,2022,2,0,R2-R3,2026,2026-05-25,35,1,,3.0,3.0,SP,LHP,St. Louis Cardinals,3,0,3,30.0,32.5,35.0,35.0,37.5,40.0,30.0,https://www.ebay.com/itm/257523839692?_skw=%22Brycen+Mautz%22+1st+Bowman+Chrome+auto&hash=item3bf59df2cc:g:djAAAeSwyWlqEuj0,https://www.ebay.com/itm/257523839692?_skw=%22Brycen+Mautz%22+1st+Bowman+Chrome+auto&hash=item3bf59df2cc:g:djAAAeSwyWlqEuj0,2022 Bowman Chrome 1st IP Auto  Brycen Mautz St. Louis Cardinals Signed BAS,1,2026-06-29
draft_2022_henry_bolte_r2p56,Henry Bolte,2023,0,2022,2,0,R2-R3,2026,2026-05-13,47,,42,,,BAT,OF,Oakland Athletics,6,0,6,50.0,113.7475,192.49,186.66166666666666,271.99,299.0,50.0,https://www.ebay.com/itm/227346419502?_skw=%22Henry+Bolte%22+1st+Bowman+Chrome+auto&hash=item34eee70f2e:g:AMEAAeSwz5hqCIJQ,https://www.ebay.com/itm/227346419502?_skw=%22Henry+Bolte%22+1st+Bowman+Chrome+auto&hash=item34eee70f2e:g:AMEAAeSwz5hqCIJQ,Signed auto HENRY BOLTE 2022 1st Bowman Chrome BDC-121 Card autographed COA,1,2026-06-29
draft_2022_peyton_pallette_r2p62,Peyton Pallette,2023,0,2022,2,0,R2-R3,2026,2026-03-27,94,16,,20.67,1.29,RP,RHP,Chicago White Sox,2,0,2,6.0,8.245000000000001,10.49,10.49,12.735,14.98,6.0,https://www.ebay.com/itm/198456071755?_skw=%22Peyton+Pallette%22+1st+Bowman+Chrome+auto&hash=item2e34e7564b:g:1v8AAeSwqZ9qPrYh,https://www.ebay.com/itm/198456071755?_skw=%22Peyton+Pallette%22+1st+Bowman+Chrome+auto&hash=item2e34e7564b:g:1v8AAeSwqZ9qPrYh,2022 1st Bowman Chrome Auto Peyton Pallette #CDA-PP,1,2026-06-29
draft_2023_gino_groover_r2p48,Gino Groover,2024,0,2023,2,0,R2-R3,2026,2026-06-05,24,,14,,,BAT,3B,Arizona Diamondbacks,21,0,21,24.0,29.95,34.99,38.18238095238095,43.99,95.0,24.0,https://www.ebay.com/itm/227391875455?_skw=%22Gino+Groover%22+1st+Bowman+Chrome+auto&hash=item34f19ca97f:g:TpAAAeSwSoNqMdkH,https://www.ebay.com/itm/227391875455?_skw=%22Gino+Groover%22+1st+Bowman+Chrome+auto&hash=item34f19ca97f:g:TpAAAeSwSoNqMdkH,2024 Bowman Chrome 1st Gino Groover Auto CPA-GG,1,2026-06-29
draft_2017_blake_hunt_r2p69,Blake Hunt,2018,0,2017,2,0,R2-R3,2026,2026-06-19,10,,2,,,BAT,C,San Diego Padres,5,0,5,4.0,5.89,5.99,16.419999999999998,16.9,49.32,4.0,https://www.ebay.com/itm/406937227503?_skw=%22Blake+Hunt%22+1st+Bowman+Chrome+auto&hash=item5ebf5950ef:g:NwcAAeSwamJqDI4o,https://www.ebay.com/itm/406937227503?_skw=%22Blake+Hunt%22+1st+Bowman+Chrome+auto&hash=item5ebf5950ef:g:NwcAAeSwamJqDI4o,Topps 2017 Bowman Draft Blake Hunt 1st Bowman Chrome Auto #CDA-BH,1,2026-06-29
draft_2020_trei_cruz_r3p73,Trei Cruz,2021,0,2020,3,0,R2-R3,2026,2026-06-19,10,,2,,,BAT,SS,Detroit Tigers,1,0,1,25.6,25.6,25.6,25.6,25.6,25.6,25.6,https://www.ebay.com/itm/278106062803?_skw=%22Trei+Cruz%22+1st+Bowman+Chrome+auto&hash=item40c069bfd3:g:8mwAAeSw~DVqNaK2,https://www.ebay.com/itm/278106062803?_skw=%22Trei+Cruz%22+1st+Bowman+Chrome+auto&hash=item40c069bfd3:g:8mwAAeSw~DVqNaK2,2020 1st Bowman Draft Chrome RC AUTO Trei Cruz #CDA-TC! Tigers! Rookie Autograph,1,2026-06-29
draft_2023_cole_carrigg_r2p65,Cole Carrigg,2024,0,2023,2,0,R2-R3,2026,2026-06-09,20,,17,,,BAT,C,Colorado Rockies,20,0,20,34.12,38.587500000000006,39.99,48.448,48.115,99.0,34.12,https://www.ebay.com/itm/198389456876?_skw=%22Cole+Carrigg%22+1st+Bowman+Chrome+auto&hash=item2e30eedfec:g:RB8AAeSwwu1qGmM5,https://www.ebay.com/itm/198389456876?_skw=%22Cole+Carrigg%22+1st+Bowman+Chrome+auto&hash=item2e30eedfec:g:RB8AAeSwwu1qGmM5,2023 Bowman Chrome Draft COLE CARRIGG 1st Auto Base Rookie RC Rockies,1,2026-06-29
draft_2020_zach_mccambley_r3p75,Zach McCambley,2021,0,2020,3,0,R2-R3,2026,2026-06-03,26,4,,4.33,1.08,RP,RHP,Miami Marlins,2,0,2,10.0,13.655000000000001,17.310000000000002,17.310000000000002,20.965,24.62,10.0,https://www.ebay.com/itm/318444866495?_skw=%22Zach+McCambley%22+1st+Bowman+Chrome+auto&hash=item4a24cb0bbf:g:EAoAAeSww81qK8gx,https://www.ebay.com/itm/318444866495?_skw=%22Zach+McCambley%22+1st+Bowman+Chrome+auto&hash=item4a24cb0bbf:g:EAoAAeSww81qK8gx,2020 BOWMAN 1ST CHROME DRAFT RC Signed ZACH MCCAMBLEY # BD-112 In Person Auto,1,2026-06-29
draft_2022_nick_morabito_r2p75,Nick Morabito,2023,0,2022,2,0,R2-R3,2026,2026-05-19,41,,5,,,BAT,OF,New York Mets,8,0,8,28.0,39.74,39.995000000000005,44.61875,44.9925,79.99,28.0,https://www.ebay.com/itm/198451597089?_skw=%22Nick+Morabito%22+1st+Bowman+Chrome+auto&hash=item2e34a30f21:g:szsAAeSwd2NqPDPm,https://www.ebay.com/itm/198451597089?_skw=%22Nick+Morabito%22+1st+Bowman+Chrome+auto&hash=item2e34a30f21:g:szsAAeSwd2NqPDPm,2023 1st Bowman Chrome Auto Nick Morabito #CPA-NM New York Mets,1,2026-06-29
draft_2023_kade_morris_r3p101,Kade Morris,2024,0,2023,3,0,R2-R3,2026,2026-06-06,23,1,,4.0,4.0,SP,RHP,New York Mets,0,0,0,,,,,,,,,,,0,2026-06-29
draft_2024_gage_jump_r2p73,Gage Jump,2025,0,2024,2,0,R2-R3,2026,2026-05-26,34,6,,35.33,5.89,SP,LHP,Oakland Athletics,8,0,8,82.75,99.9975,109.5,125.0925,150.0,199.0,82.75,https://www.ebay.com/itm/406972562106?_skw=%22Gage+Jump%22+1st+Bowman+Chrome+auto&hash=item5ec1747aba:g:Ex0AAeSwDPJqDrER,https://www.ebay.com/itm/406972562106?_skw=%22Gage+Jump%22+1st+Bowman+Chrome+auto&hash=item5ec1747aba:g:Ex0AAeSwDPJqDrER,2026 Bowman Gage Jump 1st Bowman Chrome Auto Athletics,1,2026-06-29
draft_2022_trevor_martin_r3p104,Trevor Martin,2023,0,2022,3,0,R2-R3,2026,2026-04-20,70,6,,11.33,1.89,SWG,RHP,Tampa Bay Rays,8,0,8,4.99,7.74,10.49,15.116249999999999,22.4975,29.99,4.99,https://www.ebay.com/itm/800046544796?_skw=%22Trevor+Martin%22+1st+Bowman+Chrome+auto&hash=itemba467d779c:g:MOQAAeSwSptqDlZO,https://www.ebay.com/itm/800046544796?_skw=%22Trevor+Martin%22+1st+Bowman+Chrome+auto&hash=itemba467d779c:g:MOQAAeSwSptqDlZO,2022 Bowman Chrome Trevor Martin 1st Bowman Auto - Rays,1,2026-06-29
draft_2022_william_kempner_r3p106,William Kempner,2023,0,2022,3,0,R2-R3,2026,2026-05-05,55,6,6,9.0,1.5,SWG,RHP,San Francisco Giants,0,0,0,,,,,,,,,,,0,2026-06-29
draft_2022_gabriel_rincones_jr_r3p93,Gabriel Rincones Jr.,2023,0,2022,3,0,R2-R3,2026,2026-06-12,17,,10,,,BAT,OF,Philadelphia Phillies,1,0,1,20.0,20.0,20.0,20.0,20.0,20.0,20.0,https://www.ebay.com/itm/376967435880?_skw=%22Gabriel+Rincones%22+1st+Bowman+Chrome+auto&hash=item57c5029668:g:LfsAAeSw4tVpkmME,https://www.ebay.com/itm/376967435880?_skw=%22Gabriel+Rincones%22+1st+Bowman+Chrome+auto&hash=item57c5029668:g:LfsAAeSw4tVpkmME,Gabriel Rincones Jr. Signed 2022 1st Bowman Chrome Auto Philadelphia Phillies,1,2026-06-29
draft_2020_blaze_jordan_r3p89,Blaze Jordan,2021,0,2020,3,0,R2-R3,2026,2026-06-12,17,,14,,,BAT,1B,Boston Red Sox,20,0,20,35.87,73.7475,99.99,116.587,131.24,325.0,35.87,https://www.ebay.com/itm/117249191136?_skw=%22Blaze+Jordan%22+1st+Bowman+Chrome+auto&hash=item1b4c98ace0:g:DKAAAeSwJslqLzEJ,https://www.ebay.com/itm/117249191136?_skw=%22Blaze+Jordan%22+1st+Bowman+Chrome+auto&hash=item1b4c98ace0:g:DKAAAeSwJslqLzEJ,Blaze Jordan 2021 Bowman Chrome 1st IP Auto - St Louis Cardinals Rookie,1,2026-06-29
draft_2021_elmer_rodriguez-cruz_r4p105,Elmer Rodriguez-Cruz,2022,0,2021,4,0,R4-R10,2026,2026-04-29,61,4,,17.0,4.25,SP,RHP,Boston Red Sox,3,0,3,42.5,51.25,60.0,127.5,170.0,280.0,42.5,https://www.ebay.com/itm/366379654395?_skw=%22Elmer+Rodriguez-Cruz%22+1st+Bowman+Chrome+auto&hash=item554deddcfb:g:v5IAAeSwA7pp85mw,https://www.ebay.com/itm/366379654395?_skw=%22Elmer+Rodriguez-Cruz%22+1st+Bowman+Chrome+auto&hash=item554deddcfb:g:v5IAAeSwA7pp85mw,Elmer Rodriguez-Cruz Signed 2021 Bowman Chrome 1st Refractor IP Autograph Auto,1,2026-06-29
draft_2021_chad_dallas_r4p121,Chad Dallas,2022,0,2021,4,0,R4-R10,2026,2026-06-04,25,1,,3.67,3.67,SP,RHP,Toronto Blue Jays,0,0,0,,,,,,,,,,,0,2026-06-29
draft_2020_marco_raya_r4p128,Marco Raya,2021,0,2020,4,0,R4-R10,2026,2026-06-27,2,1,,2.0,2.0,SWG,RHP,Cleveland Indians,0,0,0,,,,,,,,,,,0,2026-06-29
draft_2022_andrew_morris_r4p114,Andrew Morris,2023,0,2022,4,0,R4-R10,2026,2026-04-12,78,29,,38.0,1.31,RP,RHP,Minnesota Twins,12,0,12,5.0,9.98,11.0,13.774166666666666,16.2475,32.89,5.0,https://www.ebay.com/itm/257473378632?_skw=%22Andrew+Morris%22+1st+Bowman+Chrome+auto&hash=item3bf29bf948:g:CbIAAeSwI8dp6~fU,https://www.ebay.com/itm/257473378632?_skw=%22Andrew+Morris%22+1st+Bowman+Chrome+auto&hash=item3bf29bf948:g:CbIAAeSwI8dp6~fU,Andrew Morris 2025 Bowman Chrome #CPA-AMO Auto 1st RC,1,2026-06-29
draft_2020_tanner_murray_r4p125,Tanner Murray,2021,0,2020,4,0,R4-R10,2026,2026-04-05,85,,13,,,BAT,SS,Tampa Bay Rays,36,0,36,2.99,5.0,8.8,16.140833333333333,19.99,124.69,2.99,https://www.ebay.com/itm/377293420559?_skw=%22Tanner+Murray%22+1st+Bowman+Chrome+auto&hash=item57d870b80f:g:6poAAeSwlv5qPDje,https://www.ebay.com/itm/377293420559?_skw=%22Tanner+Murray%22+1st+Bowman+Chrome+auto&hash=item57d870b80f:g:6poAAeSwlv5qPDje,2021 Bowman Chrome Tanner Murray Auto Autograph 1st Prospect #CPA-TM Rays,1,2026-06-29
draft_2020_beck_way_r4p129,Beck Way,2021,0,2020,4,0,R4-R10,2026,2026-06-05,24,10,,13.67,1.37,RP,RHP,New York Yankees,13,0,13,5.49,9.99,10.0,26.64076923076923,24.99,149.99,5.49,https://www.ebay.com/itm/198447653706?_skw=%22Beck+Way%22+1st+Bowman+Chrome+auto&hash=item2e3466e34a:g:IbMAAeSwHJ5qOh5v,https://www.ebay.com/itm/198447653706?_skw=%22Beck+Way%22+1st+Bowman+Chrome+auto&hash=item2e3466e34a:g:IbMAAeSwHJ5qOh5v,2021 Bowman Chrome BECK WAY sapphire refractor auto - RC - 1st - Yankees,1,2026-06-29
draft_2023_cooper_ingle_r4p125,Cooper Ingle,2024,0,2023,4,0,R4-R10,2026,2026-06-26,3,,3,,,BAT,C,Cleveland Guardians,24,1,24,24.99,47.90500000000001,52.495000000000005,71.92958333333334,65.0,388.0,24.99,https://www.ebay.com/itm/377302652879?_skw=%22Cooper+Ingle%22+1st+Bowman+Chrome+auto&hash=item57d8fd97cf:g:000AAeSwkcBqQZo6,https://www.ebay.com/itm/377302652879?_skw=%22Cooper+Ingle%22+1st+Bowman+Chrome+auto&hash=item57d8fd97cf:g:000AAeSwkcBqQZo6,2023 Bowman Chrome 1st Cooper Ingle In Person Auto #BDC-85 Guardians Prospect,1,2026-06-29
draft_2024_sean_keys_r4p125,Sean Keys,2025,0,2024,4,0,R4-R10,2026,2026-06-27,2,,1,,,BAT,3B,Toronto Blue Jays,9,1,9,25.0,25.0,47.95,41.76888888888889,49.99,59.99,25.0,https://www.ebay.com/itm/800254313870?_skw=%22Sean+Keys%22+1st+Bowman+Chrome+auto&hash=itemba52dfc58e:g:Ta0AAeSwMWtqQJRg,https://www.ebay.com/itm/800254313870?_skw=%22Sean+Keys%22+1st+Bowman+Chrome+auto&hash=itemba52dfc58e:g:Ta0AAeSwMWtqQJRg,Topps 2025 Bowman Chrome Prospects Sean Keys 1st Bowman Auto #BCP-89,1,2026-06-29
draft_2020_carter_baumler_r5p133,Carter Baumler,2021,0,2020,5,0,R4-R10,2026,2026-03-26,95,4,,5.67,1.42,RP,RHP,Baltimore Orioles,3,0,3,19.5,22.244999999999997,24.99,29.81,34.964999999999996,44.94,19.5,https://www.ebay.com/itm/147338265951?_skw=%22Carter+Baumler%22+1st+Bowman+Chrome+auto&hash=item224e0b855f:g:ImsAAeSwFyJqGRCi,https://www.ebay.com/itm/147338265951?_skw=%22Carter+Baumler%22+1st+Bowman+Chrome+auto&hash=item224e0b855f:g:ImsAAeSwFyJqGRCi,2020 Bowman Chrome 1st Carter Baumler Base Auto Orioles HOT ROOKIE RC Autograph,1,2026-06-29
draft_2021_eric_cerantola_r5p139,Eric Cerantola,2022,0,2021,5,0,R4-R10,2026,2026-05-06,54,3,,4.0,1.33,RP,RHP,Kansas City Royals,13,0,13,3.99,6.99,8.0,10.404615384615385,11.99,29.99,3.99,https://www.ebay.com/itm/278064166786?_skw=%22Eric+Cerantola%22+1st+Bowman+Chrome+auto&hash=item40bdea7782:g:yn8AAeSwzyhqI1Su,https://www.ebay.com/itm/278064166786?_skw=%22Eric+Cerantola%22+1st+Bowman+Chrome+auto&hash=item40bdea7782:g:yn8AAeSwzyhqI1Su,2021 Bowman Chrome Baseball - 1st Auto CDA-EC KC Royals - ERIC CERANTOLA,1,2026-06-29
draft_2023_aj_ewing_r4p134,A.J. Ewing,2024,0,2023,4,0,R4-R10,2026,2026-05-12,48,,44,,,BAT,SS,New York Mets,32,0,32,49.99,49.99,79.99,93.1978125,126.2475,239.99,49.99,https://www.ebay.com/itm/366403353292?_skw=%22AJ+Ewing%22+1st+Bowman+Chrome+auto&hash=item554f577acc:g:AZoAAeSwKRRqAqgn,https://www.ebay.com/itm/366403353292?_skw=%22AJ+Ewing%22+1st+Bowman+Chrome+auto&hash=item554f577acc:g:AZoAAeSwKRRqAqgn,"AJ Ewing New York Mets Auto Signed 2023 1st Bowman Chrome Paint ,",1,2026-06-29
draft_2018_ryan_weiss_r4p129,Ryan Weiss,2019,0,2018,4,0,R4-R10,2026,2026-03-27,94,9,,26.0,2.89,SP,RHP,Arizona Diamondbacks,0,0,0,,,,,,,,,,,0,2026-06-29
draft_2020_shane_drohan_r5p148,Shane Drohan,2021,0,2020,5,0,R4-R10,2026,2026-04-08,82,16,,52.0,3.25,SP,LHP,Boston Red Sox,0,0,0,,,,,,,,,,,0,2026-06-29
draft_2024_sam_antonacci_r5p140,Sam Antonacci,2025,0,2024,5,0,R4-R10,2026,2026-04-15,75,,64,,,BAT,IF,Chicago White Sox,25,0,25,29.99,49.99,54.99,60.312400000000004,64.0,149.99,29.99,https://www.ebay.com/itm/188369380887?_skw=%22Sam+Antonacci%22+1st+Bowman+Chrome+auto&hash=item2bdbb0a617:g:2q8AAeSw3WpqAP7D,https://www.ebay.com/itm/188369380887?_skw=%22Sam+Antonacci%22+1st+Bowman+Chrome+auto&hash=item2bdbb0a617:g:2q8AAeSw3WpqAP7D,Sam Antonacci 2024 1st Bowman Chrome AUTO 1ST ROOKIE WHITE SOX IP Signed CALL UP,1,2026-06-29
draft_2021_micah_bratt_r5p134,Micah Bratt,2022,0,2021,5,0,R4-R10,2026,2026-06-24,5,1,,3.0,3.0,SP,LHP,Texas Rangers,0,0,0,,,,,,,,,,,0,2026-06-29
draft_2022_spencer_miles_r4p136,Spencer Miles,2023,0,2022,4,0,R4-R10,2026,2026-03-28,93,23,,51.0,2.22,SWG,RHP,San Francisco Giants,0,0,0,,,,,,,,,,,0,2026-06-29
draft_2023_zach_thornton_r5p159,Zach Thornton,2024,0,2023,5,0,R4-R10,2026,2026-05-20,40,2,,10.33,5.17,SP,LHP,New York Mets,31,0,31,14.99,25.0,34.99,40.98161290322581,49.99,99.99,14.99,https://www.ebay.com/itm/117273888661?_skw=%22Zach+Thornton%22+1st+Bowman+Chrome+auto&hash=item1b4e118795:g:4DEAAeSw3XhqQX~5,https://www.ebay.com/itm/117273888661?_skw=%22Zach+Thornton%22+1st+Bowman+Chrome+auto&hash=item1b4e118795:g:4DEAAeSw3XhqQX~5,2023 Bowman Draft Chrome Zach Thornton 1st Auto #CDA-ZT Mets Prospect Autograph,1,2026-06-29
draft_2023_jonah_cox_r6p166,Jonah Cox,2024,0,2023,6,0,R4-R10,2026,2026-05-31,29,,19,,,BAT,OF,Oakland Athletics,24,0,24,15.99,19.99,25.0,29.65125,36.24,55.0,15.99,https://www.ebay.com/itm/188507009510?_skw=%22Jonah+Cox%22+1st+Bowman+Chrome+auto&hash=item2be3e4b1e6:g:AuUAAeSwmGpqLYFo,https://www.ebay.com/itm/188507009510?_skw=%22Jonah+Cox%22+1st+Bowman+Chrome+auto&hash=item2be3e4b1e6:g:AuUAAeSwmGpqLYFo,"2023 Bowman Draft Chrome 1st Auto Jonah Cox #CDA-JCO (AU, RC) Athletics",1,2026-06-29
draft_2022_tyler_schweitzer_r5p161,Tyler Schweitzer,2023,0,2022,5,0,R4-R10,2026,2026-04-08,82,4,,4.0,1.0,RP,LHP,Chicago White Sox,9,0,9,5.99,9.99,12.0,13.103333333333333,12.99,24.99,5.99,https://www.ebay.com/itm/278069993703?_skw=%22Tyler+Schweitzer%22+1st+Bowman+Chrome+auto&hash=item40be4360e7:g:EGIAAeSwYDhqJ7Yd,https://www.ebay.com/itm/278069993703?_skw=%22Tyler+Schweitzer%22+1st+Bowman+Chrome+auto&hash=item40be4360e7:g:EGIAAeSwYDhqJ7Yd,2022 Bowman Chrome Tyler Schweitzer 1st Bowman Auto #CDA-TSR Chicago White Sox,1,2026-06-29
draft_2021_hayden_juenger_r6p182,Hayden Juenger,2022,0,2021,6,0,R4-R10,2026,2026-05-31,29,2,,2.0,1.0,RP,RHP,Toronto Blue Jays,7,0,7,4.99,8.475,9.99,26.845714285714287,43.995,68.0,4.99,https://www.ebay.com/itm/116350044901?_skw=%22Hayden+Juenger%22+1st+Bowman+Chrome+auto&hash=item1b1700cae5:g:QVEAAOSw-UBnBDu9,https://www.ebay.com/itm/116350044901?_skw=%22Hayden+Juenger%22+1st+Bowman+Chrome+auto&hash=item1b1700cae5:g:QVEAAOSw-UBnBDu9,2023 BOWMAN CHROME BASEBALL HAYDEN JUENGER 1ST PROSPECT AUTO #CPA-HJ,1,2026-06-29
draft_2021_brett_kerry_r5p141,Brett Kerry,2022,0,2021,5,0,R4-R10,2026,2026-06-17,12,1,,4.0,4.0,SP,RHP,Los Angeles Angels,0,0,0,,,,,,,,,,,0,2026-06-29
draft_2022_josh_white_r5p142,Josh White,2023,0,2022,5,0,R4-R10,2026,2026-05-31,29,1,,0.67,0.67,RP,RHP,Miami Marlins,1,0,1,1.99,1.99,1.99,1.99,1.99,1.99,1.99,https://www.ebay.com/itm/233376519272?_skw=Josh+White+Bowman+auto&hash=item3656531468:g:OeoAAOSwK5Vdrmt9,https://www.ebay.com/itm/233376519272?_skw=Josh+White+Bowman+auto&hash=item3656531468:g:OeoAAOSwK5Vdrmt9,Josh Phegley Signed 2013 Bowman Draft Chrome Rc Auto White Sox Athletics ,1,2026-06-29
draft_2023_cooper_pratt_r6p182,Cooper Pratt,2024,0,2023,6,0,R4-R10,2026,2026-06-16,13,,12,,,BAT,SS,Milwaukee Brewers,5,0,5,75.0,79.99,89.95,90.986,89.99,120.0,75.0,https://www.ebay.com/itm/127944618556?_skw=%22Cooper+Pratt%22+1st+Bowman+Chrome+auto&hash=item1dca17f23c:g:3PoAAeSwQZpqP8RJ,https://www.ebay.com/itm/127944618556?_skw=%22Cooper+Pratt%22+1st+Bowman+Chrome+auto&hash=item1dca17f23c:g:3PoAAeSwQZpqP8RJ,2024 Bowman Cooper Pratt 1st Bowman Chrome Auto Brewers #CPA-CPR,1,2026-06-29
draft_2023_george_klassen_r6p193,George Klassen,2024,0,2023,6,0,R4-R10,2026,2026-04-05,85,2,,4.67,2.33,SWG,P,Philadelphia Phillies,23,0,23,12.0,19.47,24.88,41.33652173913043,47.82,124.99,12.0,https://www.ebay.com/itm/127715203731?_skw=%22George+Klassen%22+1st+Bowman+Chrome+auto&hash=item1dbc6b5a93:g:F2YAAOSwQ0toUYR3,https://www.ebay.com/itm/127715203731?_skw=%22George+Klassen%22+1st+Bowman+Chrome+auto&hash=item1dbc6b5a93:g:F2YAAOSwQ0toUYR3,2025 Bowman George Klassen 1st Chrome Prospect Auto #CPA-GK,1,2026-06-29
draft_2021_riley_martin_r6p184,Riley Martin,2022,0,2021,6,0,R4-R10,2026,2026-04-06,84,8,,8.33,1.04,RP,LHP,Chicago Cubs,0,0,0,,,,,,,,,,,0,2026-06-29
draft_2022_collin_price_r6p193,Collin Price,2023,0,2022,6,0,R4-R10,2026,2026-06-04,25,,7,,,BAT,C,Houston Astros,0,0,0,,,,,,,,,,,0,2026-06-29
draft_2022_max_rajcic_r6p187,Max Rajcic,2023,0,2022,6,0,R4-R10,2026,2026-06-18,11,4,,5.67,1.42,RP,RHP,St. Louis Cardinals,0,0,0,,,,,,,,,,,0,2026-06-29
draft_2018_raynel_delgado_r6p193,Raynel Delgado,2019,0,2018,6,0,R4-R10,2026,2026-06-14,15,,13,,,BAT,SS,Cleveland Indians,2,0,2,8.99,14.7425,20.495,20.495,26.2475,32.0,8.99,https://www.ebay.com/itm/203534327626?_skw=%22Raynel+Delgado%22+1st+Bowman+auto&hash=item2f63975f4a:g:VSkAAOSw8chg-wFP,https://www.ebay.com/itm/203534327626?_skw=%22Raynel+Delgado%22+1st+Bowman+auto&hash=item2f63975f4a:g:VSkAAOSw8chg-wFP,RAYNEL DELGADO 2018 Bowman Draft Paper BD-176 1ST ROOKIE Signed AUTO COA Indians,1,2026-06-29
draft_2022_alex_hoppe_r6p189,Alex Hoppe,2023,0,2022,6,0,R4-R10,2026,2026-04-27,63,21,,24.0,1.14,RP,RHP,Boston Red Sox,0,0,0,,,,,,,,,,,0,2026-06-29
draft_2019_adam_macko_r7p216,Adam Macko,2020,0,2019,7,0,R4-R10,2026,2026-05-18,42,14,,14.33,1.02,RP,LHP,Seattle Mariners,12,0,12,7.99,9.7475,14.95,17.4625,18.932499999999997,49.99,7.99,https://www.ebay.com/itm/198442555570?_skw=%22Adam+Macko%22+1st+Bowman+Chrome+auto&hash=item2e341918b2:g:ZrkAAeSwyadqNyEs,https://www.ebay.com/itm/198442555570?_skw=%22Adam+Macko%22+1st+Bowman+Chrome+auto&hash=item2e341918b2:g:ZrkAAeSwyadqNyEs,2022 Bowman Chrome ADAM MACKO auto - RC - 1st - Slovakia,1,2026-06-29
draft_2022_riley_cornelio_r7p201,Riley Cornelio,2023,0,2022,7,0,R4-R10,2026,2026-04-24,66,3,,8.33,2.78,SP,RHP,Washington Nationals,0,0,0,,,,,,,,,,,0,2026-06-29
draft_2021_robby_ahlstrom_r7p213,Robby Ahlstrom,2022,0,2021,7,0,R4-R10,2026,2026-06-03,26,11,,10.0,0.91,RP,LHP,New York Yankees,0,0,0,,,,,,,,,,,0,2026-06-29
draft_2019_ryan_ward_r8p251,Ryan Ward,2020,0,2019,8,0,R4-R10,2026,2026-04-19,71,,20,,,BAT,OF,Los Angeles Dodgers,0,0,0,,,,,,,,,,,0,2026-06-29
draft_2021_will_dion_r9p276,Will Dion,2022,0,2021,9,0,R4-R10,2026,2026-05-26,34,6,,11.33,1.89,SWG,LHP,Cleveland Indians,0,0,0,,,,,,,,,,,0,2026-06-29
draft_2022_cameron_weston_r8p227,Cameron Weston,2023,0,2022,8,0,R4-R10,2026,2026-05-28,32,1,,1.0,1.0,RP,RHP,Baltimore Orioles,0,0,0,,,,,,,,,,,0,2026-06-29
draft_2019_alec_gamboa_r9p281,Alec Gamboa,2020,0,2019,9,0,R4-R10,2026,2026-05-05,55,2,,1.67,0.83,RP,LHP,Los Angeles Dodgers,0,0,0,,,,,,,,,,,0,2026-06-29
draft_2021_franco_aleman_r10p306,Franco Aleman,2022,0,2021,10,0,R4-R10,2026,2026-05-10,50,2,,2.67,1.33,RP,RHP,Cleveland Indians,2,0,2,37.99,40.8675,43.745000000000005,43.745000000000005,46.6225,49.5,37.99,https://www.ebay.com/itm/225004846152?_skw=%22Franco+Aleman%22+1st+Bowman+auto&hash=item3463557c48:g:9WYAAOSw3OJikDRh,https://www.ebay.com/itm/225004846152?_skw=%22Franco+Aleman%22+1st+Bowman+auto&hash=item3463557c48:g:9WYAAOSw3OJikDRh,2022 Bowman Baseball Franco Aleman Base Auto 1st PPA-FA Cleveland Guardians,1,2026-06-29
draft_2016_julian_garcia_r10p287,Julian Garcia,2017,0,2016,10,0,R4-R10,2026,2026-06-23,6,2,,3.0,1.5,SWG,P,Philadelphia Phillies,1,0,1,4.99,4.99,4.99,4.99,4.99,4.99,4.99,https://www.ebay.com/itm/146818250552?_skw=Julian+Garcia+Bowman+auto&hash=item222f0cb738:g:K70AAOSw9BReuYzo,https://www.ebay.com/itm/146818250552?_skw=Julian+Garcia+Bowman+auto&hash=item222f0cb738:g:K70AAOSw9BReuYzo,2015 BOWMAN CHROME PROSPECTS AUTO UPICK GARCIA URENA TOMAS LEON MEZA MORRIS,1,2026-06-29
draft_2022_david_sandlin_r11p325,David Sandlin,2023,0,2022,11,0,R11+,2026,2026-05-27,33,4,,19.33,4.83,SP,RHP,Kansas City Royals,10,0,10,10.0,19.99,23.99,23.163999999999998,27.81,30.0,10.0,https://www.ebay.com/itm/127898102944?_skw=%22David+Sandlin%22+1st+Bowman+Chrome+auto&hash=item1dc7522ca0:g:~XMAAeSwizRqHfyg,https://www.ebay.com/itm/127898102944?_skw=%22David+Sandlin%22+1st+Bowman+Chrome+auto&hash=item1dc7522ca0:g:~XMAAeSwizRqHfyg,2025 Bowman Chrome 1st David Sandlin Auto #CPA-DSA,1,2026-06-29
draft_2018_tanner_andrews_r10p297,Tanner Andrews,2019,0,2018,10,0,R4-R10,2026,2026-05-25,35,2,,3.0,1.5,SWG,RHP,Miami Marlins,0,0,0,,,,,,,,,,,0,2026-06-29
draft_2019_jase_bowen_r11p334,Jase Bowen,2020,0,2019,11,0,R11+,2026,2026-06-02,27,,18,,,BAT,OF,Pittsburgh Pirates,13,1,13,3.0,24.99,29.99,29.526153846153846,39.99,59.9,3.0,https://www.ebay.com/itm/147376352019?_skw=%22Jase+Bowen%22+1st+Bowman+Chrome+auto&hash=item225050ab13:g:Y7oAAeSwj-dqMFtX,https://www.ebay.com/itm/147376352019?_skw=%22Jase+Bowen%22+1st+Bowman+Chrome+auto&hash=item225050ab13:g:Y7oAAeSwj-dqMFtX,2023 Bowman Chrome Jase Bowen 1st RC Rookie Card Signed IP Auto Baseball Pirates,1,2026-06-29
draft_2022_brian_fitzpatrick_r10p312,Brian Fitzpatrick,2023,0,2022,10,0,R4-R10,2026,2026-04-29,61,5,,6.67,1.33,RP,LHP,Milwaukee Brewers,0,0,0,,,,,,,,,,,0,2026-06-29
draft_2023_rikuu_nishida_r11p329,Rikuu Nishida,2024,0,2023,11,0,R11+,2026,2026-05-25,35,,12,,,BAT,2B,Chicago White Sox,28,1,28,45.0,59.7425,70.22,84.18928571428572,103.74,224.66,45.0,https://www.ebay.com/itm/358718985083?_skw=%22Rikuu+Nishida%22+1st+Bowman+Chrome+auto&hash=item538551537b:g:EC4AAeSwvnVqPIpr,https://www.ebay.com/itm/358718985083?_skw=%22Rikuu+Nishida%22+1st+Bowman+Chrome+auto&hash=item538551537b:g:EC4AAeSwvnVqPIpr,2024 Bowman 1st Chrome Rikuu Nishida Base Auto White Sox,1,2026-06-29
draft_2023_jim_jarvis_r11p320,Jim Jarvis,2024,0,2023,11,0,R11+,2026,2026-05-06,54,,2,,,BAT,SS,Detroit Tigers,0,0,0,,,,,,,,,,,0,2026-06-29
draft_2021_kyler_fedko_r12p369,Kyler Fedko,2022,0,2021,12,0,R11+,2026,2026-06-15,14,,10,,,BAT,OF,Minnesota Twins,9,0,9,19.99,29.99,40.0,47.242222222222225,68.0,68.0,19.99,https://www.ebay.com/itm/377300185828?_skw=%22Kyler+Fedko%22+1st+Bowman+Chrome+auto&hash=item57d8d7f2e4:g:4pIAAeSw9XdqQBCt,https://www.ebay.com/itm/377300185828?_skw=%22Kyler+Fedko%22+1st+Bowman+Chrome+auto&hash=item57d8d7f2e4:g:4pIAAeSw9XdqQBCt,2023 Bowman Kyler Fedko Chrome 1st Auto,1,2026-06-29
draft_2021_tj_rumfield_r12p355,T.J. Rumfield,2022,0,2021,12,0,R11+,2026,2026-03-27,94,,81,,,BAT,3B,Philadelphia Phillies,30,0,30,20.0,31.0,35.0,40.35966666666667,43.7425,75.0,20.0,https://www.ebay.com/itm/227401761170?_skw=%22TJ+Rumfield%22+1st+Bowman+Chrome+auto&hash=item34f2338192:g:dJgAAeSwjwJqO0ML,https://www.ebay.com/itm/227401761170?_skw=%22TJ+Rumfield%22+1st+Bowman+Chrome+auto&hash=item34f2338192:g:dJgAAeSwjwJqO0ML,2026 Bowman Chrome 1st TJ Rumfield AUTO On-card CPA-TR Rockies Yankees,1,2026-06-29
draft_2023_charles_mcadoo_r13p377,Charles McAdoo,2024,0,2023,13,0,R11+,2026,2026-05-29,31,,8,,,BAT,2B,Pittsburgh Pirates,8,0,8,9.5,15.7475,21.869999999999997,22.40375,26.25,40.0,9.5,https://www.ebay.com/itm/137461409937?_skw=%22Charles+McAdoo%22+1st+Bowman+Chrome+auto&hash=item200156a891:g:uNMAAeSwlhpqQShI,https://www.ebay.com/itm/137461409937?_skw=%22Charles+McAdoo%22+1st+Bowman+Chrome+auto&hash=item200156a891:g:uNMAAeSwlhpqQShI,"2025 Bowman - Chrome Prospect 1st Auto Charles McAdoo #CPA-CMA (AU, RC)",1,2026-06-29
draft_2021_eduardo_rivera_r11p338,Eduardo Rivera,2022,0,2021,11,0,R11+,2026,2026-04-22,68,1,,3.33,3.33,SP,LHP,Oakland Athletics,0,0,0,,,,,,,,,,,0,2026-06-29
draft_2023_josh_ekness_r12p353,Josh Ekness,2024,0,2023,12,0,R11+,2026,2026-05-03,57,6,,5.33,0.89,RP,P,Miami Marlins,0,0,0,,,,,,,,,,,0,2026-06-29
draft_2019_gavin_collyer_r12p355,Gavin Collyer,2020,0,2019,12,0,R11+,2026,2026-04-15,75,18,,17.0,0.94,RP,RHP,Texas Rangers,0,0,0,,,,,,,,,,,0,2026-06-29
draft_2022_cameron_foster_r14p419,Cameron Foster,2023,0,2022,14,0,R11+,2026,2026-04-16,74,6,,9.0,1.5,SWG,RHP,New York Mets,0,0,0,,,,,,,,,,,0,2026-06-29
draft_2021_tyler_samaniego_r15p433,Tyler Samaniego,2022,0,2021,15,0,R11+,2026,2026-04-08,82,20,,20.33,1.02,RP,LHP,Pittsburgh Pirates,0,0,0,,,,,,,,,,,0,2026-06-29
draft_2022_sammy_natera_jr_r17p508,Sammy Natera Jr.,2023,0,2022,17,0,R11+,2026,2026-06-06,23,8,,9.33,1.17,RP,LHP,Los Angeles Angels,0,0,0,,,,,,,,,,,0,2026-06-29
draft_2024_tyler_davis_r15p437,Tyler Davis,2025,0,2024,15,0,R11+,2026,2026-04-25,65,22,,23.33,1.06,RP,LHP,Kansas City Royals,0,0,0,,,,,,,,,,,0,2026-06-29
draft_2021_jack_anderson_r16p465,Jack Anderson,2022,0,2021,16,0,R11+,2026,2026-04-14,76,3,,8.0,2.67,SP,RHP,Detroit Tigers,0,0,0,,,,,,,,,,,0,2026-06-29
draft_2023_drew_cavanaugh_r17p510,Drew Cavanaugh,2024,0,2023,17,0,R11+,2026,2026-06-26,3,,2,,,BAT,C,San Francisco Giants,0,0,0,,,,,,,,,,,0,2026-06-29
draft_2021_ben_malgeri_r18p525,Ben Malgeri,2022,0,2021,18,0,R11+,2026,2026-06-23,6,,4,,,BAT,OF,Detroit Tigers,0,0,0,,,,,,,,,,,0,2026-06-29
draft_2021_mike_paredes_r18p549,Mike Paredes,2022,0,2021,18,0,R11+,2026,2026-05-31,29,6,,25.33,4.22,SP,RHP,Minnesota Twins,0,0,0,,,,,,,,,,,0,2026-06-29
draft_2022_duncan_davitt_r18p554,Duncan Davitt,2023,0,2022,18,0,R11+,2026,2026-04-10,80,1,,1.0,1.0,RP,RHP,Tampa Bay Rays,0,0,0,,,,,,,,,,,0,2026-06-29
draft_2021_tyler_uberstine_r19p556,Tyler Uberstine,2022,0,2021,19,0,R11+,2026,2026-04-05,85,1,,2.67,2.67,SP,RHP,Boston Red Sox,0,0,0,,,,,,,,,,,0,2026-06-29
draft_2019_chase_solesky_r21p620,Chase Solesky,2020,0,2019,21,0,R11+,2026,2026-05-18,42,1,,3.0,3.0,SP,RHP,Chicago White Sox,0,0,0,,,,,,,,,,,0,2026-06-29
draft_2019_coleman_crow_r28p841,Coleman Crow,2020,0,2019,28,0,R11+,2026,2026-04-17,73,5,,18.67,3.73,SP,RHP,Los Angeles Angels,0,0,0,,,,,,,,,,,0,2026-06-29
draft_2019_spencer_jones_r31p931,Spencer Jones,2020,0,2019,31,0,R11+,2026,2026-05-08,52,,27,,,BAT,OF,Los Angeles Angels,7,0,7,79.99,186.99,230.0,281.2785714285714,392.495,499.99,79.99,https://www.ebay.com/itm/117238202787?_skw=%22Spencer+Jones%22+1st+Bowman+Chrome+auto&hash=item1b4bf101a3:g:s3wAAeSwK4JqJw3I,https://www.ebay.com/itm/117238202787?_skw=%22Spencer+Jones%22+1st+Bowman+Chrome+auto&hash=item1b4bf101a3:g:s3wAAeSwK4JqJw3I,2024 Prizm Spencer Jones Auto + 2023 Bowman Chrome 1st RC Lot Lunar Glow Refract,1,2026-06-29
draft_2019_anthony_nunez_r29p863,Anthony Nunez,2020,0,2019,29,0,R11+,2026,2026-03-28,93,32,,34.33,1.07,RP,SS,San Diego Padres,0,0,0,,,,,,,,,,,0,2026-06-29
ifa_678218,Brandon Valenzuela,2018,0,,,1,IFA,2026,2026-04-05,85,,52,,,BAT,C,,7,0,7,19.9,32.995,35.0,36.347142857142856,41.775,49.99,19.9,https://www.ebay.com/itm/227402947499?_skw=%22Brandon+Valenzuela%22+1st+Bowman+Chrome+auto&hash=item34f2459bab:g:Ua4AAeSwCeVqPI5P,https://www.ebay.com/itm/227402947499?_skw=%22Brandon+Valenzuela%22+1st+Bowman+Chrome+auto&hash=item34f2459bab:g:Ua4AAeSwCeVqPI5P,2022 1st Bowman Chrome Prospect Auto BRANDON VALENZUELA #CPA-BV Autograph A,1,2026-06-29
draft_2016_ryan_watson_r39p1181,Ryan Watson,2017,0,2016,39,0,R11+,2026,2026-03-28,93,27,,44.67,1.65,SWG,P,Los Angeles Dodgers,0,0,0,,,,,,,,,,,0,2026-06-29
ifa_683679,Jesus Rodriguez,2019,0,,,1,IFA,2026,2026-05-04,56,,14,,,BAT,C,,20,0,20,7.99,22.2475,34.97,36.5875,36.0,152.96,7.99,https://www.ebay.com/itm/137447364191?_skw=%22Jesus+Rodriguez%22+1st+Bowman+Chrome+auto&hash=item200080565f:g:bQsAAeSwXbZqD6Ag,https://www.ebay.com/itm/137447364191?_skw=%22Jesus+Rodriguez%22+1st+Bowman+Chrome+auto&hash=item200080565f:g:bQsAAeSwXbZqD6Ag,Jesus Rodriguez 2024 Bowman Chrome Signed Auto 1st Prospect Rookie QTY,1,2026-06-29
ifa_682818,Yohendrick Piñango,2019,0,,,1,IFA,2026,2026-04-26,64,,45,,,BAT,LF,,0,0,0,,,,,,,,,,,0,2026-06-29
ifa_823550,Sung-Mun Song,2026,0,,,1,IFA,2026,2026-04-26,64,,32,,,BAT,2B,,0,0,0,,,,,,,,,,,0,2026-06-29
ifa_660710,Rodolfo Durán,2015,0,,,1,IFA,2026,2026-05-07,53,1,29,1.0,1.0,RP,C,,0,0,0,,,,,,,,,,,0,2026-06-29
ifa_691788,Joe Mack,2021,0,,,1,IFA,2026,2026-05-04,56,,41,,,BAT,C,,5,0,5,10.5,14.99,19.99,20.692,19.99,37.99,10.5,https://www.ebay.com/itm/267662131039?_skw=%22Joe+Mack%22+1st+Bowman+Chrome+auto&hash=item3e51e7ff5f:g:T5AAAeSwANdp--Bx,https://www.ebay.com/itm/267662131039?_skw=%22Joe+Mack%22+1st+Bowman+Chrome+auto&hash=item3e51e7ff5f:g:T5AAAeSwANdp--Bx,Joe Mack Signed 2021 Bowman Chrome 1st IP Autograph Auto Marlins,1,2026-06-29
ifa_701678,Hao-Yu  Lee,2021,0,,,1,IFA,2026,2026-04-17,73,,46,,,BAT,3B,,10,0,10,29.99,76.74249999999999,97.505,93.197,123.74,150.0,29.99,https://www.ebay.com/itm/236815617122?_skw=%22Hao-Yu++Lee%22+1st+Bowman+Chrome+auto&hash=item37234f8c62:g:ERIAAeSwHNFqBUJu,https://www.ebay.com/itm/236815617122?_skw=%22Hao-Yu++Lee%22+1st+Bowman+Chrome+auto&hash=item37234f8c62:g:ERIAAeSwHNFqBUJu,Hao Yu Lee SIGNED 2023 1st Bowman Chrome Card #BCP52 RC Auto Detroit Tigers,1,2026-06-29
ifa_691277,Deyvison De Los Santos,2021,0,,,1,IFA,2026,2026-03-29,92,,3,,,BAT,1B,,15,0,15,14.99,24.369999999999997,29.99,41.58266666666667,49.995000000000005,120.0,14.99,https://www.ebay.com/itm/188567834007?_skw=%22Deyvison+De+Los+Santos%22+1st+Bowman+Chrome+auto&hash=item2be784cd97:g:FQUAAeSw4vpqAmZQ,https://www.ebay.com/itm/188567834007?_skw=%22Deyvison+De+Los+Santos%22+1st+Bowman+Chrome+auto&hash=item2be784cd97:g:FQUAAeSw4vpqAmZQ,Deyvison De Los Santos Auto 2023 Bowman Chrome 1st CPA-DD,1,2026-06-29
ifa_691620,Jeferson Quero,2021,0,,,1,IFA,2026,2026-03-29,92,,1,,,BAT,C,,17,0,17,19.5,29.97,30.0,40.78235294117647,49.99,74.99,19.5,https://www.ebay.com/itm/327181820689?_skw=%22Jeferson+Quero%22+1st+Bowman+Chrome+auto&hash=item4c2d8e6311:g:7QMAAeSw3w1qF355,https://www.ebay.com/itm/327181820689?_skw=%22Jeferson+Quero%22+1st+Bowman+Chrome+auto&hash=item4c2d8e6311:g:7QMAAeSw3w1qF355,2021 Bowman Chrome Jeferson Quero 1st Bowman Prospect On-Card Auto #CPA-JQ,1,2026-06-29
ifa_683079,Omar Martinez,2018,0,,,1,IFA,2026,2026-05-08,52,,5,,,BAT,C,,0,0,0,,,,,,,,,,,0,2026-06-29
ifa_672639,Felix Reyes,2021,0,,,1,IFA,2026,2026-04-18,72,,12,,,BAT,CF,,0,0,0,,,,,,,,,,,0,2026-06-29
ifa_684049,Brandan Bidois,2021,0,,,1,IFA,2026,2026-05-13,47,14,,15.0,1.07,RP,P,,0,0,0,,,,,,,,,,,0,2026-06-29
ifa_696062,Wilber Dotel,2021,0,,,1,IFA,2026,2026-04-19,71,9,,18.33,2.04,SWG,P,,0,0,0,,,,,,,,,,,0,2026-06-29
ifa_689546,Nick Davila,2021,0,,,1,IFA,2026,2026-05-03,57,13,,13.67,1.05,RP,P,,0,0,0,,,,,,,,,,,0,2026-06-29
ifa_682445,Domingo Gonzalez,2018,0,,,1,IFA,2026,2026-05-12,48,5,,7.67,1.53,SWG,P,,0,0,0,,,,,,,,,,,0,2026-06-29
ifa_690155,Matt Pushard,2022,0,,,1,IFA,2026,2026-03-29,92,6,,7.0,1.17,RP,P,,0,0,0,,,,,,,,,,,0,2026-06-29
ifa_682608,Peyton Gray,2018,0,,,1,IFA,2026,2026-04-23,67,21,,28.67,1.37,RP,P,,0,0,0,,,,,,,,,,,0,2026-06-29
ifa_696070,Kendry Rojas,2021,0,,,1,IFA,2026,2026-04-22,68,6,,16.33,2.72,SP,P,,6,0,6,9.98,10.75,14.085,16.078333333333333,19.04,27.99,9.98,https://www.ebay.com/itm/800151760135?_skw=%22Kendry+Rojas%22+1st+Bowman+Chrome+auto&hash=itemba4cc2ed07:g:ZD8AAeSwFyJqGlEJ,https://www.ebay.com/itm/800151760135?_skw=%22Kendry+Rojas%22+1st+Bowman+Chrome+auto&hash=itemba4cc2ed07:g:ZD8AAeSwFyJqGlEJ,KENDRY ROJAS 2024 Bowman Chrome Auto 1st,1,2026-06-29
ifa_804619,John Klein,2022,0,,,1,IFA,2026,2026-05-02,58,3,,4.33,1.44,RP,P,,0,0,0,,,,,,,,,,,0,2026-06-29
ifa_694346,Trey Gibson,2023,0,,,1,IFA,2026,2026-05-03,57,7,,30.33,4.33,SP,P,,24,1,24,13.25,19.365,22.625,28.3175,33.8675,100.0,13.25,https://www.ebay.com/itm/188572705347?_skw=%22Trey+Gibson%22+1st+Bowman+Chrome+auto&hash=item2be7cf2243:g:GKEAAeSwf-hqQXOy,https://www.ebay.com/itm/188572705347?_skw=%22Trey+Gibson%22+1st+Bowman+Chrome+auto&hash=item2be7cf2243:g:GKEAAeSwf-hqQXOy,2026 Bowman Trey Gibson Chrome Auto 1st Bowman #CPA-TGI Orioles Prospect,1,2026-06-29
ifa_699151,Jedixson Paez,2021,0,,,1,IFA,2026,2026-03-26,95,3,,3.0,1.0,RP,P,,0,0,0,,,,,,,,,,,0,2026-06-29
ifa_700712,Walbert Ureña,2022,0,,,1,IFA,2026,2026-03-26,95,15,,71.67,4.78,SP,P,,0,0,0,,,,,,,,,,,0,2026-06-29
ifa_683742,Jose Franco,2019,0,,,1,IFA,2026,2026-03-30,91,9,,16.67,1.85,SWG,P,,0,0,0,,,,,,,,,,,0,2026-06-29
ifa_837227,Tatsuya Imai,2026,0,,,1,IFA,2026,2026-03-29,92,11,,47.0,4.27,SP,P,,1,0,1,120.0,120.0,120.0,120.0,120.0,120.0,120.0,https://www.ebay.com/itm/306985303444?_skw=%22Tatsuya+Imai%22+Bowman+auto+refractor&hash=item4779bffd94:g:qKAAAeSw66ZqI2YC,https://www.ebay.com/itm/306985303444?_skw=%22Tatsuya+Imai%22+Bowman+auto+refractor&hash=item4779bffd94:g:qKAAAeSw66ZqI2YC,2026 Bowman Topps Chrome Rookie Auto Refractor Redemption #CRA-TI Tatsuya Imai,1,2026-06-29
ifa_699013,Esmerlyn Valdez,2021,0,,,1,IFA,2026,2026-05-22,38,,15,,,BAT,OF,,12,0,12,58.75,64.99,75.74,81.97333333333333,92.4975,125.0,58.75,https://www.ebay.com/itm/137392497217?_skw=%22Esmerlyn+Valdez%22+1st+Bowman+Chrome+auto&hash=item1ffd3b2241:g:IZYAAeSwI3ZqFop5,https://www.ebay.com/itm/137392497217?_skw=%22Esmerlyn+Valdez%22+1st+Bowman+Chrome+auto&hash=item1ffd3b2241:g:IZYAAeSwI3ZqFop5,2024 Bowman Chrome ESMERLYN VALDEZ 1st Bowman Auto Pirates Prospect Call Up 🔥,1,2026-06-29
ifa_694224,Gabriel Gonzalez,2021,0,,,1,IFA,2026,2026-05-22,38,,1,,,BAT,RF,,23,1,23,12.99,19.99,24.99,35.598695652173916,49.97,114.95,12.99,https://www.ebay.com/itm/198108245106?_skw=%22Gabriel+Gonzalez%22+1st+Bowman+Chrome+auto&hash=item2e202bec72:g:NEEAAeSwl4lpkTxD,https://www.ebay.com/itm/198108245106?_skw=%22Gabriel+Gonzalez%22+1st+Bowman+Chrome+auto&hash=item2e202bec72:g:NEEAAeSwl4lpkTxD,2023 Bowman's Best GABRIEL GONZALEZ chrome refractor auto RC 1st year Twins,1,2026-06-29
ifa_699393,Pedro Ramírez,2021,0,,,1,IFA,2026,2026-05-23,37,,21,,,BAT,2B,,0,0,0,,,,,,,,,,,0,2026-06-29
ifa_682674,Victor Bericoto,2019,0,,,1,IFA,2026,2026-05-22,38,,17,,,BAT,CF,,0,0,0,,,,,,,,,,,0,2026-06-29
ifa_672442,Yovanny Cruz,2017,0,,,1,IFA,2026,2026-05-20,40,2,,2.33,1.17,RP,P,,0,0,0,,,,,,,,,,,0,2026-06-29
ifa_700327,Welinton Herrera,2021,0,,,1,IFA,2026,2026-05-25,35,3,,2.33,0.78,RP,P,,0,0,0,,,,,,,,,,,0,2026-06-29
ifa_594027,Tayron Guerrero,2010,0,,,1,IFA,2026,2016-05-17,3695,15,,13.67,0.91,RP,P,,0,0,0,,,,,,,,,,,0,2026-06-29
ifa_695001,Alimber Santa,2021,0,,,1,IFA,2026,2026-05-25,35,8,,12.67,1.58,SWG,P,,0,0,0,,,,,,,,,,,0,2026-06-29
ifa_678577,Junior Perez,2018,0,,,1,IFA,2026,2026-06-18,11,,8,,,BAT,CF,,15,0,15,9.65,11.995000000000001,17.99,26.037333333333333,27.49,120.0,9.65,https://www.ebay.com/itm/225303834861?_skw=%22Junior+Perez%22+1st+Bowman+Chrome+auto&hash=item347527b0ed:g:unQAAOSwPvNjnU4e,https://www.ebay.com/itm/225303834861?_skw=%22Junior+Perez%22+1st+Bowman+Chrome+auto&hash=item347527b0ed:g:unQAAOSwPvNjnU4e,Junior Perez  2022 Bowman Chrome 1st Prospect SP Oakland A”s Auto Autograph 🔥⚾️,1,2026-06-29
ifa_678576,Wilkin Ramos,2018,0,,,1,IFA,2026,2026-06-01,28,2,,2.0,1.0,RP,P,,0,0,0,,,,,,,,,,,0,2026-06-29
ifa_669298,TJ Shook,2021,0,,,1,IFA,2026,2026-06-02,27,3,,3.67,1.22,RP,P,,0,0,0,,,,,,,,,,,0,2026-06-29
ifa_699008,Antwone Kelly,2021,0,,,1,IFA,2026,2026-06-12,17,1,,2.33,2.33,SWG,P,,0,0,0,,,,,,,,,,,0,2026-06-29
ifa_682769,Eiberson Castellano,2021,0,,,1,IFA,2026,2026-06-14,15,1,,3.0,3.0,SP,P,,0,0,0,,,,,,,,,,,0,2026-06-29
