oof,cal,event,h,slice,n,ece,brier,logloss,ratio,top_n,top_pred,top_actual,top_gap
single,hyip2,TOP_100_PROSPECT,1,all,45520,0.0003675659940731643,0.001953510117685617,0.007710016809524836,0.9819059381729932,20,0.8329787184211599,0.95,0.11702128157884006
single,hyip2,TOP_100_PROSPECT,1,yip<=3,19353,0.0008742802421430518,0.004335854478677342,0.016935900050771228,0.9767757365046502,19,0.8289656106239106,0.9473684210526315,0.11840281042872092
single,hyip2,TOP_100_PROSPECT,3,all,42236,0.0012859272215699398,0.00515873102492058,0.02057225900722344,0.9328633709912486,66,0.8019564135218872,0.7727272727272727,-0.029229140794614472
single,hyip2,TOP_100_PROSPECT,3,yip<=3,19336,0.0028680337246936153,0.010895929579607982,0.04303997523417692,0.9186262893123677,64,0.8014221827718335,0.765625,-0.035797182771833524
single,hyip2,TOP_100_PROSPECT,6,all,35351,0.00144819688558978,0.00705385250699134,0.027964732273740977,0.9384648777547341,68,0.8029504185430628,0.7647058823529411,-0.03824453619012169
single,hyip2,TOP_100_PROSPECT,6,yip<=3,17531,0.00315030269339856,0.013937018761035973,0.0550100744449136,0.9183791678002444,66,0.8024624979678948,0.7575757575757576,-0.04488674039213725
single,hyip2,MLB_DEBUT,1,all,45887,0.0017905852530637385,0.011771347489423418,0.04323524107372932,0.941170144648969,87,0.7819729486963025,0.6781609195402298,-0.10381202915607268
single,hyip2,MLB_DEBUT,1,yip<=3,19535,0.001440089842814825,0.014670140298987819,0.05322145996349252,0.973250053828564,59,0.7811390107194939,0.6779661016949152,-0.10317290902457865
single,hyip2,MLB_DEBUT,3,all,42591,0.005234118153286642,0.030932888281700172,0.10720254366105907,0.9455868918987137,411,0.8181875171470492,0.7615571776155717,-0.05663033953147745
single,hyip2,MLB_DEBUT,3,yip<=3,19518,0.008032581155537866,0.0470525151180298,0.16064361584653192,0.9399749164770919,302,0.8188673758160789,0.7649006622516556,-0.053966713564423285
single,hyip2,MLB_DEBUT,6,all,35658,0.00640648203154469,0.04758484959316359,0.1589515643891238,0.9714341015759546,646,0.8160905198618825,0.7894736842105263,-0.026616835651356197
single,hyip2,MLB_DEBUT,6,yip<=3,17696,0.011481190180708686,0.07570497707826133,0.24968121247270433,0.9554191840239059,532,0.8148545669288345,0.7894736842105263,-0.025380882718308184
single,hyip2,ESTABLISHED_MLB,1,all,45887,5.6208000059377844e-05,8.13842751074474e-05,0.0005292319231544042,1.2097184455287489,0,,,
single,hyip2,ESTABLISHED_MLB,1,yip<=3,19535,6.030134532195447e-05,0.00019075889413495785,0.0011396937252801662,0.7055033047839048,0,,,
single,hyip2,ESTABLISHED_MLB,3,all,42591,0.0017227051543680099,0.004885761662368381,0.01996505647742896,0.7409248682048135,1,0.7128864562254765,1.0,0.28711354377452347
single,hyip2,ESTABLISHED_MLB,3,yip<=3,19518,0.0030904829073953814,0.00822402806384331,0.031838845205601075,0.730596289137135,1,0.7128864562254765,1.0,0.28711354377452347
single,hyip2,ESTABLISHED_MLB,6,all,35658,0.0025395311561831474,0.01727902710303819,0.06556332782067556,0.8921187590148315,19,0.7372737619413973,0.6842105263157895,-0.053063235625607774
single,hyip2,ESTABLISHED_MLB,6,yip<=3,17696,0.004546195485274848,0.029148813963606916,0.10854079853098952,0.8864356340618129,18,0.7379056377478899,0.7222222222222222,-0.015683415525667654
single,hyip2,STAR_PLUS_ELITE,1,all,45887,1.1876137915530388e-06,8.346851546687073e-05,0.00044736079611623495,0.9863759914867515,0,,,
single,hyip2,STAR_PLUS_ELITE,1,yip<=3,19535,4.355158257282726e-05,0.00019603810183389578,0.0010100589992919561,0.7873049586099549,0,,,
single,hyip2,STAR_PLUS_ELITE,3,all,42591,0.0002372491280046129,0.0007864523966995403,0.003973224937371718,0.719314510809876,0,,,
single,hyip2,STAR_PLUS_ELITE,3,yip<=3,19518,0.0004978387933332764,0.0015160208011592337,0.00744442894386454,0.6963494509912848,0,,,
single,hyip2,STAR_PLUS_ELITE,6,all,35658,0.000608215073482426,0.00371301532183195,0.016981337030653392,0.9450252260878116,0,,,
single,hyip2,STAR_PLUS_ELITE,6,yip<=3,17696,0.0009020434470386117,0.006543294611945236,0.029051590999810677,0.9754221543174498,0,,,
single,spline,TOP_100_PROSPECT,1,all,45520,0.0003365953051811738,0.0019531970507593046,0.007708470468902469,0.984601860964866,20,0.837036516040946,0.95,0.11296348395905398
single,spline,TOP_100_PROSPECT,1,yip<=3,19353,0.0008029899985384985,0.0043353953017132105,0.016932548377283314,0.9792189249894921,19,0.8329638993348197,0.9473684210526315,0.11440452171781179
single,spline,TOP_100_PROSPECT,3,all,42236,0.0012597718247747433,0.0051587340317988985,0.020571058900177963,0.9331495903248193,67,0.8038336470377262,0.7611940298507462,-0.04263961718697995
single,spline,TOP_100_PROSPECT,3,yip<=3,19336,0.0028081001675499553,0.010896124088253141,0.04303732484591589,0.9187560485003888,65,0.8032117121292106,0.7538461538461538,-0.049365558283056776
single,spline,TOP_100_PROSPECT,6,all,35351,0.0014468939472112312,0.007054189979413243,0.027965476965015074,0.9377898548516574,69,0.8048480851692476,0.7536231884057971,-0.051224896763450434
single,spline,TOP_100_PROSPECT,6,yip<=3,17531,0.003148957304777179,0.01393779046286748,0.05501085917747832,0.9175759128407959,67,0.804274997217151,0.746268656716418,-0.058006340500733056
single,spline,MLB_DEBUT,1,all,45887,0.0018675424489231365,0.011759739259323047,0.04318992396768918,0.9397512021580937,73,0.7733101587420126,0.6986301369863014,-0.0746800217557112
single,spline,MLB_DEBUT,1,yip<=3,19535,0.0016619578494066582,0.014657204355060136,0.053155639088022344,0.9697214784404028,48,0.7755051127040472,0.6875,-0.0880051127040472
single,spline,MLB_DEBUT,3,all,42591,0.005582434669577633,0.030920991242233083,0.10716569459341349,0.9457284384327787,377,0.8052780523497369,0.7586206896551724,-0.04665736269456455
single,spline,MLB_DEBUT,3,yip<=3,19518,0.008774100969125766,0.04703840143841686,0.1606034033584056,0.939794317185734,280,0.8054586651366736,0.7642857142857142,-0.0411729508509594
single,spline,MLB_DEBUT,6,all,35658,0.00666150424309742,0.047599431072604156,0.15897656371849064,0.9725830986982283,615,0.7994539095121855,0.791869918699187,-0.007583990812998542
single,spline,MLB_DEBUT,6,yip<=3,17696,0.012008882021895411,0.07572623302449594,0.24973297028049654,0.9563274074124556,507,0.7985766492489224,0.7928994082840237,-0.005677240964898633
single,spline,ESTABLISHED_MLB,1,all,45887,5.630423362704597e-05,8.13798465281201e-05,0.0005292448905512378,1.2108807371390475,0,,,
single,spline,ESTABLISHED_MLB,1,yip<=3,19535,6.014377127631596e-05,0.0001907476663183174,0.0011396433415405405,0.7062728570292918,0,,,
single,spline,ESTABLISHED_MLB,3,all,42591,0.0017218622577740682,0.004885676266618073,0.019964751914686062,0.7410436510292178,1,0.7121367786835545,1.0,0.2878632213164455
single,spline,ESTABLISHED_MLB,3,yip<=3,19518,0.003089180453168165,0.008223905348145199,0.03183833227757292,0.7306971379478091,1,0.7121367786835545,1.0,0.2878632213164455
single,spline,ESTABLISHED_MLB,6,all,35658,0.002543776965887191,0.017279202787961995,0.06556425512638163,0.891863210950683,19,0.7363409645622926,0.6842105263157895,-0.0521304382465031
single,spline,ESTABLISHED_MLB,6,yip<=3,17696,0.004552372028420599,0.029149227043737024,0.10854252346289456,0.8861668855916504,18,0.736971302152429,0.7222222222222222,-0.014749079930206799
single,spline,STAR_PLUS_ELITE,1,all,45887,1.1876098835780752e-06,8.346851558009903e-05,0.000447360803331111,0.9863760363180633,0,,,
single,spline,STAR_PLUS_ELITE,1,yip<=3,19535,4.35515775111197e-05,0.00019603810209885218,0.0010100590121209462,0.7873049833300692,0,,,
single,spline,STAR_PLUS_ELITE,3,all,42591,0.00023724902837526005,0.0007864523931854031,0.003973224925523613,0.7193146286797027,0,,,
single,spline,STAR_PLUS_ELITE,3,yip<=3,19518,0.0004978386183602117,0.0015160207938451156,0.00744442891020084,0.6963495577139183,0,,,
single,spline,STAR_PLUS_ELITE,6,all,35658,0.0006082149935531447,0.0037130154170628487,0.01698133722715847,0.9450254007655544,0,,,
single,spline,STAR_PLUS_ELITE,6,yip<=3,17696,0.0009020434030133538,0.00654329480406054,0.02905159144558601,0.9754223358637893,0,,,
single,iso,TOP_100_PROSPECT,1,all,45520,0.00034524705214146505,0.0019597480818693606,0.0076663419630906456,0.9847563206484401,26,0.8120904065469646,0.8461538461538461,0.03406343960688152
single,iso,TOP_100_PROSPECT,1,yip<=3,19353,0.0008266699690636726,0.004351872626368896,0.016902148633807346,0.987825752249222,25,0.8089437707080029,0.84,0.03105622929199703
single,iso,TOP_100_PROSPECT,3,all,42236,0.0012301462118030006,0.005179985228521131,0.020832617611229984,0.9412598505027927,78,0.798099703055887,0.7564102564102564,-0.04168944664563057
single,iso,TOP_100_PROSPECT,3,yip<=3,19336,0.0027662442096327276,0.010941946239713965,0.04363912065678784,0.9304639742439064,76,0.7972545202330286,0.75,-0.04725452023302856
single,iso,TOP_100_PROSPECT,6,all,35351,0.0013583289116834401,0.007056504213506903,0.02794598561274553,0.9498743564523906,78,0.8011313486505455,0.7564102564102564,-0.044721092240289084
single,iso,TOP_100_PROSPECT,6,yip<=3,17531,0.0029608525164802053,0.013940277799511255,0.05501822378866138,0.9321097681376614,76,0.800365945974915,0.75,-0.05036594597491495
single,iso,MLB_DEBUT,1,all,45887,0.0016430825671679649,0.011759079521763388,0.04315242466630569,0.9421071548573942,69,0.7835138786913374,0.6956521739130435,-0.08786170477829391
single,iso,MLB_DEBUT,1,yip<=3,19535,0.0014874683671540245,0.01464987010317093,0.05309201792203897,0.9736540872193772,45,0.7844557924286332,0.6888888888888889,-0.09556690353974429
single,iso,MLB_DEBUT,3,all,42591,0.004997444572510319,0.030912143634523458,0.10722194860321173,0.9445915256029329,357,0.8185824053734325,0.7619047619047619,-0.05667764346867066
single,iso,MLB_DEBUT,3,yip<=3,19518,0.007949399428389004,0.04703621681942324,0.16058060478358044,0.9384357150940208,263,0.8192890956028278,0.7642585551330798,-0.05503054046974798
single,iso,MLB_DEBUT,6,all,35658,0.005142904749502308,0.04753982047543039,0.15881936577335196,0.970183816501801,597,0.8083083106034681,0.7973199329983249,-0.010988377605143151
single,iso,MLB_DEBUT,6,yip<=3,17696,0.009086593847056134,0.07563378826612183,0.24938600077410356,0.9540713814913477,490,0.8075340939820999,0.7979591836734694,-0.009574910308630447
single,iso,ESTABLISHED_MLB,1,all,45887,2.212477911192221e-05,8.098406656964838e-05,0.0005054527535946457,0.7461900652228065,0,,,
single,iso,ESTABLISHED_MLB,1,yip<=3,19535,0.00010785839600739136,0.00018980858141453186,0.0011311874681885622,0.47324655849890246,0,,,
single,iso,ESTABLISHED_MLB,3,all,42591,0.0016577754206978596,0.004879798168995582,0.019980406854691535,0.7462367035384092,1,0.7365728900255755,1.0,0.26342710997442453
single,iso,ESTABLISHED_MLB,3,yip<=3,19518,0.00293562834823431,0.008214764032314937,0.031738622566392344,0.738253778477097,1,0.7365728900255755,1.0,0.26342710997442453
single,iso,ESTABLISHED_MLB,6,all,35658,0.002565511676403361,0.01729027817831078,0.06558176613807129,0.9038632516965774,22,0.7485468495698675,0.6363636363636364,-0.11218321320623115
single,iso,ESTABLISHED_MLB,6,yip<=3,17696,0.004533496288506141,0.029148549336876318,0.10853237741100534,0.8979590971536935,20,0.7497442455242967,0.7,-0.04974424552429679
single,iso,STAR_PLUS_ELITE,1,all,45887,2.7073723539948885e-05,8.348753265392723e-05,0.0004128431729654595,0.6894170119805914,0,,,
single,iso,STAR_PLUS_ELITE,1,yip<=3,19535,8.40443646404766e-05,0.00019607653556866602,0.0009492879745752861,0.5895483341870724,0,,,
single,iso,STAR_PLUS_ELITE,3,all,42591,0.0002334327833073166,0.000792603000648096,0.004008935293262831,0.7238295646155022,0,,,
single,iso,STAR_PLUS_ELITE,3,yip<=3,19518,0.0004731727168960564,0.0015295614237583813,0.007507501697480339,0.7113942159882117,0,,,
single,iso,STAR_PLUS_ELITE,6,all,35658,0.0002719469003863747,0.0037055499823427495,0.017099415171351783,0.9335816262056345,0,,,
single,iso,STAR_PLUS_ELITE,6,yip<=3,17696,0.0007011773630541588,0.006531153319050492,0.02928552124359361,0.9647571193279137,0,,,
bagmatched,hyip2,TOP_100_PROSPECT,1,all,45520,0.00030343416541069506,0.0019536578407551744,0.007711022720212471,0.9787824918582729,20,0.8376794032609058,0.95,0.11232059673909411
bagmatched,hyip2,TOP_100_PROSPECT,1,yip<=3,19353,0.0007605084370790076,0.004336324897841794,0.01694286845613659,0.9748966748698947,19,0.833804795316309,0.9473684210526315,0.1135636257363225
bagmatched,hyip2,TOP_100_PROSPECT,3,all,42236,0.0013329493836652603,0.005162836223594228,0.02059832395210963,0.9321213334241039,68,0.8036465127231115,0.7647058823529411,-0.03894063037017037
bagmatched,hyip2,TOP_100_PROSPECT,3,yip<=3,19336,0.002999739869650842,0.010905056212426356,0.043102650360162545,0.9186902941489345,66,0.8031137605408505,0.7575757575757576,-0.045538002965092916
bagmatched,hyip2,TOP_100_PROSPECT,6,all,35351,0.0015798806523556073,0.007058287110092041,0.027986102937545974,0.9389338448958827,70,0.8047047747906451,0.7571428571428571,-0.047561917647787944
bagmatched,hyip2,TOP_100_PROSPECT,6,yip<=3,17531,0.0034039248168855098,0.01394606918986304,0.055062359491394194,0.9194578706534963,68,0.8042188171451428,0.75,-0.05421881714514276
bagmatched,hyip2,MLB_DEBUT,1,all,45887,0.0018337304246277444,0.011772145599455363,0.04323586272524722,0.9428375174169801,89,0.7820092881360089,0.6853932584269663,-0.0966160297090426
bagmatched,hyip2,MLB_DEBUT,1,yip<=3,19535,0.0014324756385368407,0.014671530058388229,0.05322084961332585,0.9752812623142226,60,0.7817737882019209,0.6833333333333333,-0.09844045486858755
bagmatched,hyip2,MLB_DEBUT,3,all,42591,0.005390714978501528,0.03093682337119829,0.10723112870216307,0.945272851444769,413,0.818783057310591,0.7602905569007264,-0.058492500409864534
bagmatched,hyip2,MLB_DEBUT,3,yip<=3,19518,0.008315206342929093,0.04705882443823378,0.16068434767357276,0.9401165473615566,304,0.8193502699334073,0.7631578947368421,-0.05619237519656517
bagmatched,hyip2,MLB_DEBUT,6,all,35658,0.0065885862004247675,0.04759024979815546,0.15898687376941267,0.9699808822031604,654,0.815788444867413,0.7874617737003058,-0.028326671167107187
bagmatched,hyip2,MLB_DEBUT,6,yip<=3,17696,0.01169711101889912,0.07571599616597667,0.24975051867734452,0.954492819562838,540,0.8143589372321984,0.7870370370370371,-0.02732190019516134
bagmatched,hyip2,ESTABLISHED_MLB,1,all,45887,4.736179018768191e-05,8.064200381999501e-05,0.0005187549354153485,1.1184194211488634,0,,,
bagmatched,hyip2,ESTABLISHED_MLB,1,yip<=3,19535,7.035489549471682e-05,0.00018894628585547308,0.0011236884265035123,0.6564042791276765,0,,,
bagmatched,hyip2,ESTABLISHED_MLB,3,all,42591,0.0015629620635455317,0.00486438855731896,0.01986464985562254,0.7837749672524713,4,0.7244623697992018,1.0,0.27553763020079824
bagmatched,hyip2,ESTABLISHED_MLB,3,yip<=3,19518,0.002763588464319717,0.008179995687841385,0.03161583837678286,0.775548717706265,4,0.7244623697992018,1.0,0.27553763020079824
bagmatched,hyip2,ESTABLISHED_MLB,6,all,35658,0.00289694230964176,0.017271221965519695,0.06558475460775345,0.9141657444556798,26,0.7470119560840718,0.6923076923076923,-0.05470426377637949
bagmatched,hyip2,ESTABLISHED_MLB,6,yip<=3,17696,0.00526186049142624,0.029129788867079304,0.10856758350593629,0.910002696168232,24,0.7479776271040475,0.75,0.002022372895952529
bagmatched,hyip2,STAR_PLUS_ELITE,1,all,45887,5.2639676687944525e-06,8.356623989534539e-05,0.0004461025813737837,0.9396130788955073,0,,,
bagmatched,hyip2,STAR_PLUS_ELITE,1,yip<=3,19535,5.154728607279318e-05,0.00019626946692535277,0.0010086839106852638,0.7482559416419963,0,,,
bagmatched,hyip2,STAR_PLUS_ELITE,3,all,42591,0.00025360666143145477,0.0007870428563038125,0.003976489775351252,0.6999621856381363,0,,,
bagmatched,hyip2,STAR_PLUS_ELITE,3,yip<=3,19518,0.000529110120700382,0.0015172535781816264,0.0074513029894422884,0.6772758957553107,0,,,
bagmatched,hyip2,STAR_PLUS_ELITE,6,all,35658,0.0006423020992173055,0.003713189735800451,0.01698156594539592,0.9368306963986684,0,,,
bagmatched,hyip2,STAR_PLUS_ELITE,6,yip<=3,17696,0.0009656363492576889,0.006543638312128269,0.029049187992866887,0.9668572398172954,0,,,
bagmatched,spline,TOP_100_PROSPECT,1,all,45520,0.0003127914231261656,0.0019533707313937436,0.007707172769239413,0.9852943897086984,21,0.8358434008812953,0.9523809523809523,0.11653755149965705
bagmatched,spline,TOP_100_PROSPECT,1,yip<=3,19353,0.0007874963902302405,0.004335982499988922,0.016932813620179395,0.9807409373325437,20,0.8317797144235077,0.95,0.11822028557649222
bagmatched,spline,TOP_100_PROSPECT,3,all,42236,0.0013198269847785298,0.005162255864823738,0.02059085997820508,0.9338391920153314,68,0.8076329930806866,0.7647058823529411,-0.042927110727745466
bagmatched,spline,TOP_100_PROSPECT,3,yip<=3,19336,0.0029448303879961064,0.010904018371142321,0.04308487134391851,0.9199995734940155,66,0.8070533426492034,0.7575757575757576,-0.049477585073445796
bagmatched,spline,TOP_100_PROSPECT,6,all,35351,0.0015275236621771144,0.007058151720546039,0.027985471867963786,0.9380829477245783,70,0.808661764389073,0.7571428571428571,-0.051518907246215884
bagmatched,spline,TOP_100_PROSPECT,6,yip<=3,17531,0.0033025380829354214,0.01394594967910111,0.0550583964074714,0.9183171420326902,68,0.8081294204793508,0.75,-0.05812942047935077
bagmatched,spline,MLB_DEBUT,1,all,45887,0.0019737415059076354,0.01176391407049364,0.0432007923965748,0.9424577173398301,77,0.7788160917156424,0.6883116883116883,-0.09050440340395405
bagmatched,spline,MLB_DEBUT,1,yip<=3,19535,0.001947525881095275,0.014663060848308663,0.05316690446779644,0.9734732219624946,52,0.7789305911892606,0.6730769230769231,-0.10585366811233743
bagmatched,spline,MLB_DEBUT,3,all,42591,0.00554169301354182,0.030929032197724398,0.10720892738890397,0.9475235253623536,391,0.8097093928513843,0.7621483375959079,-0.04756105525547638
bagmatched,spline,MLB_DEBUT,3,yip<=3,19518,0.00872061656209129,0.04704877856947812,0.16065997717565375,0.9422701461046673,288,0.8107821155323163,0.7673611111111112,-0.04342100442120511
bagmatched,spline,MLB_DEBUT,6,all,35658,0.00676817244712131,0.04760128849286097,0.1590015235896989,0.9725731767520951,631,0.8044495720726627,0.7892234548335975,-0.015226117239065196
bagmatched,spline,MLB_DEBUT,6,yip<=3,17696,0.0121476602783282,0.07573156303976467,0.2497836023528298,0.9569472346433606,520,0.8036258137568255,0.7903846153846154,-0.013241198372210161
bagmatched,spline,ESTABLISHED_MLB,1,all,45887,4.680540690044706e-05,8.045560761648949e-05,0.0005169419765413189,1.1146714688742494,0,,,
bagmatched,spline,ESTABLISHED_MLB,1,yip<=3,19535,6.995005869353904e-05,0.00018847956265028956,0.001120587019010463,0.6583814008554288,0,,,
bagmatched,spline,ESTABLISHED_MLB,3,all,42591,0.001511944813730102,0.0048609398446079095,0.01984832632657236,0.7940367748575219,4,0.7226884877524763,1.0,0.2773115122475237
bagmatched,spline,ESTABLISHED_MLB,3,yip<=3,19518,0.0026813209977029667,0.008173161070689288,0.03157902595340161,0.7854340271744543,4,0.7226884877524763,1.0,0.2773115122475237
bagmatched,spline,ESTABLISHED_MLB,6,all,35658,0.002892493683653707,0.01727288686508228,0.06560339163698824,0.9153124472395971,25,0.7409039286786928,0.68,-0.060903928678692765
bagmatched,spline,ESTABLISHED_MLB,6,yip<=3,17696,0.005082899068444384,0.029132821071226028,0.10859871126635044,0.9106153040220892,23,0.7418431907953225,0.7391304347826086,-0.002712756012713813
bagmatched,spline,STAR_PLUS_ELITE,1,all,45887,5.263949481364172e-06,8.356623964561357e-05,0.00044610259602859094,0.9396132875371606,0,,,
bagmatched,spline,STAR_PLUS_ELITE,1,yip<=3,19535,5.154726416069065e-05,0.000196269466328796,0.001008683924294382,0.748256048655227,0,,,
bagmatched,spline,STAR_PLUS_ELITE,3,all,42591,0.0002536065422439438,0.0007870428489709686,0.003976489747669541,0.6999623266468941,0,,,
bagmatched,spline,STAR_PLUS_ELITE,3,yip<=3,19518,0.0005291099295550001,0.0015172535625703274,0.007451302904110288,0.6772760123420474,0,,,
bagmatched,spline,STAR_PLUS_ELITE,6,all,35658,0.0006423017181890092,0.0037131897408953438,0.01698156599955925,0.936830812748252,0,,,
bagmatched,spline,STAR_PLUS_ELITE,6,yip<=3,17696,0.0009656357097902013,0.006543638321198681,0.029049188109689195,0.9668573537349897,0,,,
bagmatched,iso,TOP_100_PROSPECT,1,all,45520,0.00038440217814216703,0.0019538166111713927,0.0076687496251267515,0.9797890351527131,19,0.8480989246733482,0.9473684210526315,0.09926949637928328
bagmatched,iso,TOP_100_PROSPECT,1,yip<=3,19353,0.0009608636137496516,0.004334748477179652,0.016882624058885052,0.9838554306028107,18,0.8468774499282303,0.9444444444444444,0.09756699451621409
bagmatched,iso,TOP_100_PROSPECT,3,all,42236,0.0013814637604079572,0.0051841294467848305,0.020890966007887566,0.941770952449832,65,0.8260027506506695,0.7692307692307693,-0.05677198141990025
bagmatched,iso,TOP_100_PROSPECT,3,yip<=3,19336,0.003046971374545498,0.010954401089037405,0.04378266405528199,0.931212560283059,63,0.8260759110767987,0.7619047619047619,-0.06417114917203681
bagmatched,iso,TOP_100_PROSPECT,6,all,35351,0.0016564312458839756,0.007090163022794367,0.0280955256685896,0.9509474123461553,66,0.8302844975737483,0.7727272727272727,-0.05755722484647563
bagmatched,iso,TOP_100_PROSPECT,6,yip<=3,17531,0.0035272827369730564,0.014011184094253016,0.05532949220885208,0.9331864107506396,64,0.8304903194595652,0.765625,-0.0648653194595652
bagmatched,iso,MLB_DEBUT,1,all,45887,0.0018302923547134187,0.011755254807340161,0.0431605428294026,0.9447310470743069,67,0.7925551236022143,0.7014925373134329,-0.09106258628878139
bagmatched,iso,MLB_DEBUT,1,yip<=3,19535,0.0014686589088406883,0.014637327272628533,0.05303123638055529,0.9774155470809003,44,0.7933653061944722,0.6818181818181818,-0.11154712437629044
bagmatched,iso,MLB_DEBUT,3,all,42591,0.005118732553269577,0.030929167001990755,0.10730882505918828,0.9453989388153571,341,0.8293918610672348,0.7653958944281525,-0.06399596663908236
bagmatched,iso,MLB_DEBUT,3,yip<=3,19518,0.007798804013771892,0.04705125093977213,0.16071375954938874,0.9398273230679246,249,0.8312098781792445,0.7670682730923695,-0.06414160508687505
bagmatched,iso,MLB_DEBUT,6,all,35658,0.005068805212932251,0.047553017389382286,0.15885066316751634,0.9696202200241456,582,0.8172716396849934,0.7989690721649485,-0.018302567520044888
bagmatched,iso,MLB_DEBUT,6,yip<=3,17696,0.008773739043682229,0.07566938965970073,0.24951291684603039,0.9543150039893635,476,0.8167644911422897,0.8004201680672269,-0.016344323075062728
bagmatched,iso,ESTABLISHED_MLB,1,all,45887,2.1699949969441422e-05,8.053920031946221e-05,0.0004953961272642266,0.7510635989380604,0,,,
bagmatched,iso,ESTABLISHED_MLB,1,yip<=3,19535,0.00010732305532434577,0.0001886731446990719,0.0011070550181544456,0.47586102855972634,0,,,
bagmatched,iso,ESTABLISHED_MLB,3,all,42591,0.001532375879993486,0.0048394949163128075,0.01987020832325679,0.7816456843590288,3,0.7196808510638298,1.0,0.28031914893617016
bagmatched,iso,ESTABLISHED_MLB,3,yip<=3,19518,0.0026980368292141687,0.008144212606262469,0.03155555645855323,0.7748977685444618,3,0.7196808510638298,1.0,0.28031914893617016
bagmatched,iso,ESTABLISHED_MLB,6,all,35658,0.0025963328250893356,0.017332092853443976,0.06570529884227358,0.9131426844738572,24,0.739738475177305,0.6666666666666666,-0.07307180851063833
bagmatched,iso,ESTABLISHED_MLB,6,yip<=3,17696,0.004647946714265908,0.029235616038694307,0.10880911013012806,0.9080889902089444,22,0.7412354932301741,0.7272727272727273,-0.013962765957446832
bagmatched,iso,STAR_PLUS_ELITE,1,all,45887,2.8931599201595823e-05,8.344469289258511e-05,0.00041727650204017826,0.6681039268590931,0,,,
bagmatched,iso,STAR_PLUS_ELITE,1,yip<=3,19535,8.837194219944136e-05,0.00019597485841366975,0.0009597376787477085,0.5684135272834783,0,,,
bagmatched,iso,STAR_PLUS_ELITE,3,all,42591,0.00023724597851678834,0.0007916901884071572,0.004013081030999211,0.7193182369164296,0,,,
bagmatched,iso,STAR_PLUS_ELITE,3,yip<=3,19518,0.0004818272777478235,0.001527129079609004,0.0075027990451628284,0.7061154747786871,0,,,
bagmatched,iso,STAR_PLUS_ELITE,6,all,35658,0.00032103877981290094,0.0037001560292054007,0.01703787203406509,0.9303167388118276,0,,,
bagmatched,iso,STAR_PLUS_ELITE,6,yip<=3,17696,0.00036572803812569895,0.006520381469440404,0.02915298994908166,0.9597048163908752,0,,,
